age,sex,workclass,fnlwgt,education,hours_per_week,label
56,Male,Private,683155,Some-college,15,>50K
60,Male,Gov,122268,HS-grad,21,<=50K
56,Male,Gov,149337,Doctorate,75,>50K
28,Male,Private,924756,Masters,24,>50K
20,Male,Gov,341365,Masters,53,<=50K
19,Female,Private,1382455,9th,30,<=50K
55,Male,Private,1259617,Doctorate,64,>50K
38,Male,Private,1274752,Assoc-voc,76,>50K
39,Female,Private,1001436,Assoc-voc,49,<=50K
44,Female,Private,168730,9th,42,>50K
45,Female,Private,539035,10th,15,>50K
64,Female,Gov,965277,Masters,51,<=50K
61,Male,Gov,331030,Masters,64,<=50K
74,Male,Private,285538,HS-grad,51,>50K
24,Female,Gov,501492,Assoc-voc,73,>50K
56,Female,Private,361457,Preschool,4,>50K
42,Male,Gov,1300507,Preschool,14,>50K
67,Male,Private,710361,9th,9,<=50K
43,Male,Gov,80148,Assoc-voc,2,<=50K
37,Male,Private,1312571,Bachelors,60,>50K
24,Female,Self-emp,584843,HS-grad,8,<=50K
64,Female,Private,118530,Preschool,78,<=50K
34,Female,Private,472337,Some-college,4,>50K
19,Female,Gov,220261,12th,54,<=50K
59,Female,Self-emp,1375715,Masters,54,<=50K
46,Male,Gov,1499550,9th,18,>50K
43,Male,Private,214283,11th,34,<=50K
27,Female,Gov,1283741,HS-grad,14,<=50K
48,Female,Gov,499879,Some-college,78,<=50K
40,Male,Gov,1414107,HS-grad,62,<=50K
57,Female,Gov,1281460,Assoc-voc,53,>50K
41,Female,Private,1334905,9th,60,>50K
62,Female,Gov,1297160,11th,29,<=50K
32,Male,Gov,990732,Some-college,65,<=50K
42,Male,Private,314918,Assoc-voc,9,<=50K
41,Male,Gov,145767,Assoc-voc,63,>50K
28,Male,Self-emp,492754,Some-college,8,<=50K
52,Male,Gov,598146,HS-grad,33,>50K
22,Female,Private,146633,10th,41,<=50K
45,Male,Gov,1345382,9th,73,<=50K
25,Male,Self-emp,1008107,10th,34,<=50K
50,Female,Private,363279,10th,23,<=50K
41,Male,Gov,501570,Some-college,44,>50K
57,Female,Self-emp,1333685,10th,35,<=50K
18,Male,Private,503234,HS-grad,47,>50K
31,Male,Gov,1218914,Masters,1,>50K
22,Male,Private,1051577,HS-grad,14,<=50K
56,Female,Private,1179752,10th,79,>50K
32,Female,Private,230969,10th,42,>50K
30,Female,Private,265618,9th,63,<=50K
49,Male,Private,784838,HS-grad,52,<=50K
49,Female,Self-emp,886371,Doctorate,23,>50K
56,Male,Gov,985548,Preschool,15,<=50K
60,Male,Private,1225475,Doctorate,13,<=50K
49,Male,Private,1011238,Masters,59,>50K
68,Female,Private,391989,Doctorate,28,>50K
19,Female,Private,1431945,HS-grad,45,>50K
74,Male,Private,121556,Preschool,6,<=50K
45,Male,Private,779595,Masters,44,>50K
37,Female,Self-emp,1213482,Masters,62,<=50K
50,Male,Private,697440,Doctorate,27,>50K
74,Female,Self-emp,629075,9th,77,>50K
58,Female,Private,414690,Masters,70,>50K
25,Male,Gov,240576,10th,51,>50K
59,Female,Private,926091,Bachelors,24,>50K
32,Male,Private,1396250,10th,32,>50K
49,Male,Private,130451,12th,62,>50K
66,Male,Self-emp,51353,HS-grad,52,<=50K
29,Male,Gov,1375453,12th,39,>50K
19,Male,Self-emp,428880,Preschool,56,<=50K
34,Female,Self-emp,782746,Masters,2,>50K
19,Female,Private,910613,Some-college,1,<=50K
36,Female,Self-emp,189789,Assoc-voc,2,<=50K
70,Male,Private,849291,9th,32,<=50K
23,Male,Private,1131043,10th,55,>50K
28,Female,Private,121751,Assoc-voc,17,<=50K
55,Male,Self-emp,473079,Some-college,69,>50K
69,Female,Gov,118081,Preschool,70,<=50K
39,Female,Gov,570986,HS-grad,16,<=50K
50,Male,Self-emp,1416104,HS-grad,59,<=50K
23,Male,Self-emp,63663,Some-college,3,<=50K
37,Female,Private,1194459,Preschool,59,>50K
53,Female,Gov,922681,9th,67,>50K
36,Male,Private,154483,Preschool,71,>50K
69,Female,Private,413896,Bachelors,33,>50K
57,Male,Gov,83295,Some-college,39,>50K
35,Female,Gov,1333831,Doctorate,1,>50K
28,Male,Private,1068731,11th,57,<=50K
42,Female,Gov,386705,10th,23,>50K
48,Male,Private,566594,Some-college,7,>50K
33,Male,Self-emp,1419321,Masters,60,>50K
66,Male,Self-emp,669409,10th,1,<=50K
65,Female,Gov,387037,11th,12,<=50K
22,Male,Private,129796,11th,32,<=50K
72,Male,Private,710376,Assoc-voc,19,<=50K
65,Female,Gov,602978,Masters,20,>50K
41,Male,Self-emp,919317,Bachelors,33,<=50K
41,Male,Private,1483091,9th,75,>50K
66,Male,Private,44711,Bachelors,36,<=50K
55,Female,Self-emp,196423,Some-college,25,<=50K
46,Female,Self-emp,998001,Preschool,66,>50K
71,Female,Private,793474,HS-grad,61,<=50K
58,Female,Private,630467,12th,33,<=50K
21,Female,Private,1048685,HS-grad,21,<=50K
65,Female,Gov,1119447,Assoc-voc,8,<=50K
24,Male,Self-emp,1029026,12th,17,>50K
50,Male,Gov,268687,Doctorate,76,>50K
68,Male,Self-emp,450741,Doctorate,22,>50K
63,Female,Gov,128381,Assoc-voc,38,<=50K
55,Male,Gov,146508,Some-college,51,>50K
71,Female,Self-emp,1459687,Doctorate,27,<=50K
44,Male,Private,852477,Doctorate,28,>50K
64,Female,Gov,1430175,11th,69,<=50K
65,Female,Self-emp,57714,10th,4,<=50K
52,Female,Self-emp,642271,Masters,17,>50K
61,Female,Self-emp,136123,9th,30,<=50K
46,Male,Gov,1143565,9th,6,<=50K
52,Male,Gov,699995,HS-grad,37,>50K
41,Female,Private,801852,Masters,46,>50K
70,Male,Private,127294,11th,60,>50K
50,Male,Self-emp,660307,12th,63,<=50K
38,Male,Self-emp,280246,Doctorate,33,<=50K
20,Male,Gov,266079,Doctorate,18,>50K
42,Male,Private,700105,Preschool,54,<=50K
20,Male,Self-emp,1029703,Masters,46,>50K
41,Female,Private,1133567,10th,47,>50K
39,Male,Self-emp,1078646,11th,66,<=50K
44,Female,Self-emp,1236665,12th,17,<=50K
57,Female,Gov,1035904,9th,9,<=50K
60,Female,Self-emp,510863,Some-college,39,<=50K
46,Female,Gov,542089,9th,26,<=50K
52,Female,Self-emp,809079,HS-grad,13,<=50K
24,Male,Self-emp,232984,Assoc-voc,36,<=50K
62,Male,Private,276512,11th,8,>50K
63,Male,Gov,460982,Masters,15,>50K
45,Female,Self-emp,1092673,10th,66,>50K
49,Male,Private,678326,Doctorate,63,>50K
39,Male,Gov,130834,Doctorate,25,>50K
39,Female,Self-emp,67609,Doctorate,58,<=50K
39,Female,Gov,1091600,10th,52,<=50K
59,Male,Self-emp,1450533,Masters,15,>50K
71,Female,Private,473243,Doctorate,8,>50K
70,Female,Gov,263451,11th,5,<=50K
56,Male,Gov,983525,10th,47,>50K
52,Female,Gov,969238,12th,40,<=50K
69,Male,Gov,1155052,Doctorate,30,>50K
36,Female,Private,1147248,Bachelors,63,>50K
36,Female,Private,40251,9th,58,>50K
72,Female,Self-emp,1092793,Doctorate,62,>50K
40,Male,Self-emp,406366,Bachelors,9,<=50K
29,Male,Self-emp,1135316,Masters,1,<=50K
18,Male,Private,1055233,Masters,48,>50K
42,Male,Gov,188615,11th,1,>50K
33,Female,Gov,418716,HS-grad,64,<=50K
22,Male,Self-emp,264764,Some-college,67,<=50K
29,Male,Gov,524153,12th,16,<=50K
68,Male,Private,156356,Some-college,57,>50K
46,Male,Self-emp,21435,12th,69,<=50K
64,Female,Self-emp,877264,Masters,62,>50K
69,Male,Private,172196,Some-college,76,<=50K
33,Male,Gov,776121,Bachelors,48,>50K
38,Female,Gov,1417478,Assoc-voc,33,>50K
47,Female,Private,300790,Doctorate,10,<=50K
71,Male,Self-emp,1420836,Assoc-voc,34,<=50K
69,Female,Gov,445374,11th,10,<=50K
36,Female,Gov,899225,10th,1,<=50K
73,Female,Self-emp,21540,12th,4,<=50K
33,Male,Private,1112567,Some-college,2,<=50K
66,Male,Self-emp,61115,12th,32,<=50K
44,Female,Self-emp,733747,Bachelors,24,>50K
29,Female,Private,548226,9th,33,>50K
50,Female,Self-emp,737948,Some-college,51,<=50K
60,Female,Gov,263492,Bachelors,12,<=50K
20,Male,Private,503072,Masters,33,<=50K
57,Female,Gov,343593,Masters,43,<=50K
61,Female,Self-emp,163836,Bachelors,13,>50K
29,Male,Self-emp,836926,Masters,46,>50K
19,Female,Self-emp,891090,10th,35,<=50K
40,Female,Gov,561639,10th,26,>50K
27,Female,Self-emp,1398073,Some-college,34,<=50K
68,Male,Gov,512328,Masters,7,>50K
21,Male,Private,94745,Masters,75,>50K
46,Female,Gov,543831,12th,36,<=50K
42,Female,Private,1121268,Masters,36,>50K
27,Female,Private,575044,Some-college,73,>50K
41,Male,Self-emp,845727,Bachelors,49,<=50K
52,Female,Gov,97999,11th,36,<=50K
35,Female,Private,82640,Bachelors,24,>50K
40,Female,Self-emp,412573,9th,37,>50K
29,Male,Self-emp,1227856,9th,55,>50K
30,Male,Self-emp,710646,9th,30,>50K
34,Male,Private,646736,11th,62,<=50K
37,Female,Private,1238607,Masters,13,>50K
36,Female,Gov,190352,12th,12,<=50K
58,Male,Gov,1119739,Doctorate,78,>50K
48,Female,Self-emp,437523,12th,16,<=50K
70,Female,Gov,1051458,12th,12,>50K
42,Male,Private,678490,Preschool,53,>50K
40,Male,Private,209775,Masters,57,>50K
56,Male,Private,1150356,Bachelors,42,>50K
56,Female,Self-emp,1411181,Bachelors,5,>50K
52,Female,Gov,50102,9th,75,>50K
35,Male,Self-emp,191208,Preschool,74,<=50K
61,Male,Self-emp,739952,HS-grad,7,<=50K
63,Male,Self-emp,1238380,11th,40,>50K
59,Male,Self-emp,730216,12th,50,<=50K
44,Female,Self-emp,817497,HS-grad,66,>50K
22,Female,Gov,624380,Doctorate,37,<=50K
55,Female,Self-emp,1349682,HS-grad,8,<=50K
65,Female,Gov,1496140,Assoc-voc,65,<=50K
39,Male,Private,1298643,Masters,17,<=50K
24,Male,Gov,704440,Some-college,45,<=50K
21,Male,Self-emp,529923,10th,70,<=50K
48,Female,Private,964082,12th,61,>50K
61,Female,Private,1295253,9th,39,<=50K
44,Female,Self-emp,823721,Preschool,19,>50K
56,Male,Self-emp,1146764,Doctorate,13,<=50K
67,Female,Gov,802141,Doctorate,58,<=50K
37,Male,Self-emp,723131,HS-grad,72,>50K
58,Female,Private,317062,Doctorate,1,<=50K
20,Male,Gov,878651,10th,62,<=50K
74,Male,Private,767195,10th,25,<=50K
73,Female,Gov,225920,9th,38,<=50K
70,Male,Self-emp,1437541,10th,58,>50K
61,Female,Self-emp,665983,9th,45,>50K
64,Male,Gov,140148,11th,75,>50K
54,Male,Gov,271747,Doctorate,19,>50K
37,Male,Self-emp,1039512,HS-grad,18,<=50K
64,Male,Self-emp,29640,Some-college,49,<=50K
31,Female,Self-emp,271214,9th,31,<=50K
18,Male,Self-emp,513108,10th,54,>50K
71,Male,Gov,1210735,10th,57,<=50K
28,Male,Private,877291,Some-college,74,<=50K
49,Female,Self-emp,1071599,10th,72,>50K
55,Male,Self-emp,400043,Some-college,24,<=50K
45,Female,Private,917588,9th,8,<=50K
45,Female,Self-emp,1384249,10th,8,<=50K
67,Female,Self-emp,1356027,Assoc-voc,41,<=50K
53,Male,Gov,509562,Doctorate,63,>50K
34,Female,Private,329428,Assoc-voc,77,<=50K
45,Female,Self-emp,94844,Preschool,13,<=50K
63,Male,Self-emp,134402,Bachelors,6,>50K
35,Female,Private,592466,9th,69,>50K
64,Female,Private,1005176,11th,66,>50K
27,Male,Private,490007,9th,30,<=50K
67,Female,Self-emp,1379290,12th,5,<=50K
72,Male,Self-emp,537303,Preschool,33,<=50K
71,Female,Self-emp,39712,Preschool,18,<=50K
49,Female,Gov,124816,Bachelors,11,>50K
38,Male,Gov,297977,Preschool,63,<=50K
42,Male,Gov,818741,HS-grad,59,>50K
44,Male,Gov,1016208,HS-grad,77,>50K
50,Female,Private,874312,Bachelors,1,>50K
38,Male,Self-emp,970447,Assoc-voc,55,>50K
23,Male,Private,1335483,10th,69,>50K
48,Male,Private,247365,11th,3,>50K
70,Female,Gov,822006,Preschool,53,>50K
54,Male,Private,1065385,9th,74,>50K
36,Female,Self-emp,1205104,Preschool,78,>50K
26,Female,Self-emp,1099341,Preschool,1,<=50K
68,Male,Self-emp,1376652,Assoc-voc,77,<=50K
21,Female,Gov,558237,Doctorate,65,<=50K
66,Female,Self-emp,712903,Masters,32,<=50K
51,Female,Private,1096763,Masters,72,>50K
56,Female,Gov,812921,Some-college,34,<=50K
71,Female,Private,1496917,Preschool,3,<=50K
67,Male,Gov,573419,Preschool,65,<=50K
71,Male,Gov,872395,9th,5,<=50K
47,Female,Private,822717,12th,57,<=50K
34,Male,Gov,983375,Masters,47,>50K
40,Male,Gov,1104814,HS-grad,14,<=50K
19,Male,Self-emp,327826,9th,38,>50K
51,Female,Gov,18949,11th,50,>50K
51,Female,Self-emp,674301,Doctorate,79,>50K
44,Male,Gov,792722,Assoc-voc,63,>50K
51,Female,Private,488467,Some-college,38,<=50K
50,Female,Self-emp,1365038,Assoc-voc,30,<=50K
72,Female,Private,719689,11th,51,<=50K
34,Male,Gov,1308516,Preschool,29,<=50K
21,Female,Private,1378199,Doctorate,17,>50K
27,Male,Self-emp,1377843,Assoc-voc,69,<=50K
51,Female,Gov,871909,Doctorate,53,>50K
19,Female,Private,606124,Preschool,43,>50K
65,Male,Gov,1105578,10th,23,<=50K
72,Male,Gov,1272367,HS-grad,75,<=50K
71,Female,Gov,1084647,Some-college,4,<=50K
57,Male,Private,924259,Bachelors,56,<=50K
42,Female,Self-emp,1317794,HS-grad,67,>50K
44,Male,Self-emp,343868,9th,32,>50K
67,Female,Gov,940818,11th,19,<=50K
38,Male,Self-emp,1171771,12th,42,>50K
39,Female,Private,1401972,Assoc-voc,70,>50K
18,Female,Private,1059172,Assoc-voc,12,>50K
43,Female,Gov,760589,Preschool,34,>50K
66,Female,Self-emp,103865,Masters,45,<=50K
44,Female,Private,1084200,Preschool,26,>50K
74,Male,Private,821006,Assoc-voc,56,>50K
47,Male,Gov,1040202,Masters,63,>50K
65,Male,Gov,195868,Masters,26,<=50K
53,Male,Self-emp,222176,11th,8,<=50K
66,Male,Self-emp,484930,11th,52,<=50K
32,Female,Private,929559,HS-grad,14,<=50K
43,Male,Private,827131,Bachelors,78,>50K
41,Male,Gov,1305697,Assoc-voc,26,>50K
31,Female,Private,1206682,11th,56,<=50K
68,Male,Gov,672482,HS-grad,23,<=50K
63,Female,Gov,460874,12th,18,>50K
55,Male,Gov,833106,Bachelors,15,<=50K
42,Female,Self-emp,443734,Preschool,28,<=50K
27,Male,Self-emp,13062,Doctorate,57,>50K
34,Male,Self-emp,107462,9th,44,>50K
42,Male,Self-emp,670956,12th,25,>50K
21,Male,Self-emp,543849,12th,67,<=50K
58,Female,Self-emp,398193,12th,34,<=50K
64,Female,Gov,1396199,12th,40,<=50K
66,Male,Gov,35275,Preschool,42,<=50K
58,Male,Self-emp,203076,9th,6,<=50K
69,Female,Self-emp,584735,9th,59,<=50K
73,Male,Self-emp,874522,Doctorate,70,>50K
54,Female,Self-emp,433240,11th,33,<=50K
70,Female,Private,956789,HS-grad,21,<=50K
23,Male,Self-emp,537893,HS-grad,4,<=50K
47,Female,Private,199210,10th,62,>50K
47,Female,Gov,156990,HS-grad,24,<=50K
72,Female,Gov,136040,Bachelors,3,<=50K
68,Female,Self-emp,768254,HS-grad,40,<=50K
54,Male,Private,807543,Preschool,6,>50K
19,Male,Self-emp,1364147,10th,75,<=50K
21,Female,Gov,774501,Masters,51,<=50K
74,Male,Gov,851873,Preschool,79,<=50K
28,Female,Private,1401959,11th,26,>50K
68,Female,Self-emp,886668,Assoc-voc,44,>50K
22,Male,Gov,149541,Preschool,26,<=50K
71,Male,Gov,76323,Preschool,19,<=50K
37,Male,Gov,1241024,10th,20,>50K
66,Female,Self-emp,247659,Assoc-voc,47,>50K
18,Female,Gov,1165113,Assoc-voc,14,<=50K
55,Male,Private,800260,11th,11,>50K
53,Male,Gov,1428012,HS-grad,3,>50K
50,Female,Self-emp,397925,12th,50,>50K
73,Female,Private,601833,10th,5,>50K
40,Female,Private,415081,Some-college,44,<=50K
19,Female,Gov,390892,Preschool,40,>50K
19,Male,Self-emp,1069088,12th,63,>50K
54,Male,Self-emp,1169448,Masters,17,<=50K
26,Female,Self-emp,105070,Assoc-voc,24,>50K
55,Female,Gov,956118,Doctorate,35,>50K
47,Female,Gov,1102654,Masters,49,>50K
22,Female,Private,239645,Doctorate,60,<=50K
61,Male,Self-emp,1365649,Bachelors,78,>50K
70,Male,Self-emp,900266,12th,9,<=50K
51,Female,Gov,358699,Preschool,35,<=50K
18,Male,Self-emp,1104501,Bachelors,60,<=50K
46,Male,Gov,544295,9th,11,<=50K
58,Female,Private,70596,Doctorate,14,<=50K
47,Male,Self-emp,885172,12th,37,<=50K
22,Male,Self-emp,1473074,Some-college,78,<=50K
43,Male,Self-emp,661789,11th,4,>50K
42,Male,Gov,1074636,10th,42,>50K
42,Female,Self-emp,841735,Preschool,72,<=50K
56,Male,Private,1100287,11th,51,>50K
55,Male,Gov,1001024,11th,23,<=50K
32,Male,Private,1462976,Preschool,25,>50K
34,Female,Gov,701376,12th,66,<=50K
31,Female,Gov,926228,Assoc-voc,51,>50K
56,Male,Self-emp,865938,9th,70,<=50K
23,Female,Gov,1284386,Bachelors,7,>50K
68,Male,Self-emp,492703,9th,15,<=50K
64,Male,Self-emp,1328128,Some-college,27,>50K
53,Male,Gov,587644,12th,38,<=50K
74,Female,Gov,865088,10th,27,<=50K
72,Male,Self-emp,276480,12th,68,<=50K
39,Female,Gov,857633,9th,10,<=50K
22,Male,Self-emp,1303898,HS-grad,74,<=50K
50,Female,Gov,1215358,HS-grad,47,>50K
53,Male,Private,214967,Masters,52,>50K
73,Female,Gov,1451758,10th,29,<=50K
25,Female,Self-emp,76772,Some-college,29,<=50K
64,Female,Gov,1144867,12th,76,>50K
62,Female,Private,1343329,Assoc-voc,27,>50K
48,Female,Self-emp,1292626,Some-college,36,<=50K
53,Male,Self-emp,1447434,HS-grad,27,<=50K
22,Male,Self-emp,607603,Some-college,11,<=50K
27,Female,Private,1038919,12th,38,<=50K
23,Male,Self-emp,1115894,10th,47,<=50K
43,Female,Private,88077,Preschool,12,<=50K
43,Male,Gov,1267564,Preschool,62,>50K
35,Female,Private,553656,Assoc-voc,60,>50K
60,Male,Self-emp,707275,9th,68,>50K
22,Male,Private,596567,HS-grad,37,>50K
25,Male,Gov,12126,10th,31,<=50K
26,Male,Gov,1311445,Assoc-voc,51,<=50K
46,Male,Gov,1055917,Doctorate,40,>50K
58,Male,Gov,1195445,12th,11,<=50K
40,Male,Gov,1095136,9th,46,>50K
54,Female,Gov,144717,Masters,36,<=50K
71,Female,Gov,391862,9th,57,>50K
18,Male,Self-emp,1160734,9th,54,<=50K
72,Male,Self-emp,1493074,Preschool,40,<=50K
32,Female,Self-emp,342388,Some-college,47,<=50K
26,Female,Private,480276,Masters,9,<=50K
27,Male,Self-emp,523411,Bachelors,57,>50K
70,Female,Gov,896377,HS-grad,41,<=50K
52,Male,Self-emp,954654,HS-grad,25,<=50K
43,Female,Self-emp,478725,10th,2,>50K
24,Female,Private,1186737,Masters,34,<=50K
44,Female,Private,310512,Doctorate,43,>50K
61,Female,Private,664026,Doctorate,51,<=50K
71,Female,Private,516471,Bachelors,25,>50K
24,Male,Gov,818388,Preschool,33,<=50K
66,Male,Private,966652,Bachelors,63,>50K
60,Female,Gov,1207889,11th,49,<=50K
24,Female,Self-emp,582451,12th,49,>50K
37,Male,Private,326997,Some-college,63,>50K
57,Male,Gov,1050896,12th,71,<=50K
18,Male,Self-emp,793452,Masters,51,>50K
73,Male,Private,463282,Doctorate,62,>50K
49,Female,Private,1120252,HS-grad,49,<=50K
62,Female,Gov,1234108,10th,30,>50K
33,Male,Gov,232178,11th,18,>50K
18,Male,Gov,600365,Assoc-voc,47,>50K
67,Female,Private,1198293,Preschool,38,<=50K
68,Female,Private,1246816,10th,8,<=50K
46,Male,Self-emp,1335062,9th,3,>50K
49,Female,Self-emp,1425897,Some-college,74,<=50K
36,Female,Private,919425,Assoc-voc,55,>50K
45,Male,Gov,664465,Assoc-voc,7,>50K
46,Female,Gov,1170151,Assoc-voc,65,<=50K
74,Male,Gov,1268182,9th,67,<=50K
41,Female,Gov,1353398,11th,59,<=50K
25,Male,Gov,461589,9th,67,>50K
68,Male,Private,359739,Masters,8,<=50K
51,Female,Self-emp,609794,10th,78,>50K
49,Female,Self-emp,990039,Bachelors,46,>50K
60,Male,Self-emp,1072751,Assoc-voc,68,<=50K
69,Male,Gov,511876,Assoc-voc,54,>50K
38,Female,Self-emp,623213,Doctorate,55,>50K
65,Female,Self-emp,59057,11th,7,<=50K
27,Female,Self-emp,266726,10th,33,<=50K
40,Male,Gov,720754,Doctorate,19,>50K
53,Male,Gov,174491,Some-college,2,>50K
18,Male,Self-emp,272910,Preschool,69,>50K
37,Female,Gov,639433,Doctorate,2,>50K
20,Female,Self-emp,219990,9th,12,>50K
37,Female,Gov,550884,Doctorate,37,>50K
55,Male,Private,1254845,Preschool,9,<=50K
51,Female,Gov,992020,Preschool,44,>50K
52,Male,Private,918739,12th,24,<=50K
34,Female,Private,1317289,11th,30,>50K
73,Female,Self-emp,79642,Doctorate,14,<=50K
26,Male,Gov,571655,11th,66,<=50K
62,Female,Self-emp,898040,9th,73,<=50K
71,Male,Gov,160757,Assoc-voc,4,<=50K
43,Female,Private,1298585,HS-grad,29,>50K
62,Male,Self-emp,1317185,10th,37,<=50K
28,Male,Self-emp,1378853,Some-college,18,<=50K
38,Male,Gov,497417,Some-college,41,<=50K
55,Female,Private,1218305,HS-grad,17,>50K
54,Male,Self-emp,240504,11th,76,<=50K
40,Female,Private,585044,Preschool,27,<=50K
74,Female,Gov,1089978,Assoc-voc,40,<=50K
51,Female,Self-emp,1238476,11th,53,<=50K
24,Male,Self-emp,236137,10th,45,>50K
34,Male,Private,1358457,Masters,62,>50K
63,Male,Self-emp,402719,10th,2,<=50K
71,Female,Gov,1045578,11th,65,<=50K
68,Male,Private,33172,Some-college,36,<=50K
68,Female,Gov,1008121,Doctorate,29,<=50K
38,Male,Private,720362,Assoc-voc,40,>50K
28,Female,Self-emp,888031,Preschool,36,<=50K
66,Male,Gov,1478554,Preschool,39,<=50K
57,Male,Self-emp,390165,10th,55,<=50K
64,Male,Private,1327573,10th,22,>50K
22,Male,Private,427008,Assoc-voc,36,<=50K
64,Male,Self-emp,256883,10th,62,<=50K
62,Male,Self-emp,1126593,Masters,73,>50K
43,Female,Private,511137,Preschool,73,>50K
26,Male,Gov,705264,Preschool,1,>50K
42,Male,Private,1453852,Preschool,43,>50K
57,Female,Gov,1115913,Bachelors,25,<=50K
56,Male,Private,1084930,Bachelors,3,<=50K
67,Female,Gov,439236,Masters,44,<=50K
68,Female,Gov,752829,Preschool,12,>50K
36,Female,Gov,628036,Some-college,44,>50K
66,Female,Self-emp,440988,9th,17,>50K
27,Male,Private,572696,9th,55,>50K
66,Female,Private,331278,Assoc-voc,12,<=50K
33,Female,Gov,405554,Assoc-voc,8,<=50K
48,Female,Self-emp,1071920,11th,70,<=50K
25,Male,Self-emp,683256,Masters,12,>50K
32,Female,Self-emp,1318170,Masters,26,>50K
58,Male,Self-emp,921164,Doctorate,26,<=50K
64,Female,Private,957439,11th,10,<=50K
33,Female,Private,1429616,11th,23,>50K
43,Female,Self-emp,330420,Some-college,7,<=50K
31,Male,Self-emp,676180,10th,7,<=50K
26,Male,Private,940626,12th,48,>50K
25,Male,Self-emp,411953,9th,39,<=50K
52,Female,Self-emp,1097841,10th,59,>50K
59,Male,Self-emp,78150,11th,17,<=50K
31,Female,Self-emp,349054,Assoc-voc,24,>50K
52,Male,Gov,571723,10th,60,>50K
62,Female,Private,1270593,Doctorate,3,>50K
54,Female,Gov,146055,Preschool,55,<=50K
40,Male,Private,708358,Doctorate,15,>50K
73,Female,Gov,1367267,Assoc-voc,25,<=50K
30,Male,Gov,650112,10th,16,<=50K
62,Male,Private,615561,Bachelors,66,>50K
72,Female,Self-emp,135618,10th,42,<=50K
51,Male,Self-emp,1185917,12th,13,>50K
30,Female,Gov,762865,Some-college,32,<=50K
49,Female,Gov,894554,12th,39,>50K
63,Male,Self-emp,552659,Assoc-voc,29,<=50K
66,Female,Gov,336060,Some-college,62,<=50K
70,Male,Gov,1253835,9th,57,>50K
33,Male,Gov,621719,Bachelors,10,>50K
47,Male,Gov,1241720,Preschool,5,<=50K
18,Female,Private,44733,Preschool,49,>50K
20,Male,Private,121996,Bachelors,14,>50K
73,Female,Private,568701,Doctorate,68,>50K
35,Female,Gov,911005,12th,37,<=50K
42,Male,Gov,1282464,11th,53,>50K
63,Female,Gov,779950,9th,73,<=50K
32,Female,Private,223760,9th,68,<=50K
29,Female,Gov,1103577,Assoc-voc,37,<=50K
54,Female,Gov,250506,9th,70,>50K
56,Male,Self-emp,922775,10th,63,>50K
63,Female,Self-emp,924727,Masters,11,<=50K
30,Female,Self-emp,191352,9th,71,>50K
69,Female,Self-emp,205283,HS-grad,59,<=50K
25,Female,Self-emp,1010974,Assoc-voc,54,<=50K
70,Male,Self-emp,338898,Bachelors,74,>50K
60,Male,Self-emp,1122241,9th,57,<=50K
43,Female,Private,488072,Masters,3,<=50K
73,Female,Gov,130533,Some-college,5,>50K
22,Male,Private,78262,Bachelors,49,>50K
26,Male,Gov,88898,Masters,20,>50K
66,Female,Self-emp,300316,9th,35,>50K
67,Male,Private,956189,10th,17,<=50K
41,Male,Self-emp,19906,Preschool,13,<=50K
73,Female,Self-emp,1356380,Preschool,73,>50K
21,Female,Self-emp,46701,Some-college,11,<=50K
58,Male,Gov,254615,12th,67,>50K
45,Male,Private,503036,Doctorate,9,<=50K
20,Male,Private,377464,Doctorate,76,<=50K
59,Male,Gov,338916,Some-college,11,<=50K
51,Male,Self-emp,1086135,12th,79,<=50K
55,Female,Self-emp,1195620,9th,48,<=50K
43,Female,Private,904964,10th,60,>50K
65,Male,Private,670380,Assoc-voc,28,>50K
22,Female,Gov,1147564,Some-college,40,<=50K
62,Male,Gov,518079,Assoc-voc,62,<=50K
46,Male,Private,1144658,12th,58,<=50K
20,Female,Self-emp,668951,10th,40,>50K
51,Female,Gov,1394439,HS-grad,77,>50K
62,Male,Self-emp,111616,Assoc-voc,6,<=50K
41,Male,Self-emp,281458,Doctorate,40,>50K
45,Female,Self-emp,502042,Some-college,59,<=50K
65,Male,Self-emp,117228,Preschool,45,<=50K
42,Male,Private,1129850,Preschool,38,>50K
24,Female,Private,1255268,Doctorate,45,>50K
74,Female,Gov,721662,HS-grad,23,<=50K
59,Female,Self-emp,539007,12th,53,>50K
47,Male,Self-emp,54534,11th,31,<=50K
35,Female,Self-emp,424003,10th,2,<=50K
31,Male,Private,1249580,Preschool,12,<=50K
56,Male,Gov,1136289,9th,13,<=50K
63,Female,Private,1135994,12th,17,>50K
57,Male,Gov,175038,10th,60,>50K
41,Female,Gov,1386572,9th,35,>50K
65,Male,Gov,214053,12th,30,<=50K
24,Female,Private,1089833,9th,63,>50K
45,Female,Self-emp,1290523,12th,79,>50K
47,Female,Gov,1218308,Some-college,22,<=50K
21,Female,Self-emp,1499331,Bachelors,68,<=50K
44,Male,Private,717552,Doctorate,12,>50K
39,Male,Gov,338032,Bachelors,10,<=50K
71,Male,Self-emp,784800,Bachelors,22,>50K
43,Male,Private,1437402,Preschool,50,<=50K
31,Female,Self-emp,1491359,Doctorate,47,>50K
46,Female,Self-emp,688555,HS-grad,36,<=50K
52,Male,Gov,688787,Assoc-voc,76,>50K
24,Female,Gov,855804,11th,11,<=50K
50,Male,Private,1092174,Bachelors,79,<=50K
49,Female,Gov,301226,10th,58,>50K
40,Female,Private,449785,Masters,46,>50K
51,Male,Self-emp,244732,Masters,4,<=50K
34,Male,Private,625474,Preschool,13,>50K
58,Male,Private,225030,Masters,15,>50K
72,Male,Self-emp,1030652,12th,29,<=50K
28,Male,Private,297555,Bachelors,32,>50K
19,Male,Gov,1401517,Masters,22,<=50K
28,Male,Private,1344762,10th,67,<=50K
34,Male,Gov,1498205,12th,56,>50K
45,Female,Private,1356476,Some-college,21,<=50K
64,Male,Self-emp,1273519,Some-college,59,>50K
37,Male,Gov,585189,Preschool,19,<=50K
74,Female,Private,402530,Assoc-voc,1,<=50K
55,Female,Gov,1006465,Assoc-voc,61,<=50K
52,Female,Private,1298936,Some-college,24,>50K
29,Female,Private,1086961,Masters,15,>50K
61,Male,Self-emp,292783,Bachelors,27,<=50K
25,Female,Gov,295707,10th,46,>50K
42,Male,Self-emp,1490236,Masters,53,>50K
25,Male,Self-emp,357114,Assoc-voc,46,>50K
67,Male,Private,1222355,Some-college,71,>50K
20,Male,Private,968331,Masters,53,<=50K
41,Male,Self-emp,983129,Masters,3,<=50K
37,Female,Self-emp,658701,Bachelors,15,>50K
42,Male,Gov,1108413,HS-grad,78,<=50K
24,Female,Private,809968,12th,9,<=50K
55,Female,Private,789147,10th,63,>50K
39,Female,Self-emp,1050836,9th,2,<=50K
41,Female,Self-emp,618791,Some-college,11,>50K
30,Female,Self-emp,727472,HS-grad,72,<=50K
38,Female,Self-emp,790513,Masters,64,>50K
35,Female,Private,400590,12th,38,<=50K
49,Male,Private,1066730,Some-college,45,>50K
42,Female,Self-emp,1124864,11th,41,>50K
25,Male,Self-emp,717290,12th,51,<=50K
41,Female,Gov,1497200,Preschool,76,<=50K
74,Female,Self-emp,457485,9th,32,<=50K
32,Female,Self-emp,1371507,11th,33,<=50K
27,Female,Private,34431,11th,2,<=50K
50,Female,Private,910792,10th,77,<=50K
47,Male,Gov,1280300,Bachelors,26,<=50K
39,Male,Gov,1375046,Bachelors,66,>50K
55,Female,Private,690758,Preschool,46,>50K
67,Male,Private,663406,Masters,44,>50K
66,Female,Private,870058,12th,61,<=50K
20,Female,Gov,979290,9th,6,>50K
26,Female,Private,772581,Bachelors,73,>50K
56,Female,Gov,661438,Some-college,32,>50K
58,Female,Private,339025,HS-grad,76,<=50K
25,Male,Private,376359,Masters,50,>50K
45,Female,Self-emp,955187,Some-college,62,<=50K
64,Male,Self-emp,112734,Doctorate,7,>50K
28,Male,Gov,1237811,Masters,4,>50K
23,Male,Gov,618229,Preschool,26,<=50K
20,Male,Self-emp,985950,Doctorate,41,>50K
59,Female,Private,573165,Preschool,75,>50K
35,Male,Private,1272533,9th,12,<=50K
40,Female,Gov,1193208,HS-grad,45,<=50K
68,Male,Private,1211670,Masters,45,<=50K
25,Female,Self-emp,1088956,Bachelors,53,<=50K
72,Female,Gov,890879,12th,51,<=50K
61,Male,Self-emp,818481,Bachelors,70,<=50K
35,Male,Gov,1229060,Doctorate,56,<=50K
58,Female,Private,496410,12th,3,>50K
45,Female,Gov,1402281,10th,35,>50K
46,Male,Gov,528998,HS-grad,76,>50K
66,Female,Private,477757,HS-grad,31,<=50K
41,Male,Self-emp,872563,12th,37,<=50K
21,Female,Self-emp,638045,Bachelors,20,<=50K
41,Female,Self-emp,1436945,Masters,49,>50K
68,Female,Self-emp,278847,11th,36,<=50K
70,Female,Private,43585,12th,66,>50K
32,Male,Gov,1348737,HS-grad,36,>50K
23,Male,Self-emp,974854,Preschool,42,>50K
68,Female,Self-emp,291922,Assoc-voc,58,>50K
71,Male,Self-emp,1147228,9th,12,<=50K
20,Female,Private,924935,11th,21,>50K
32,Female,Self-emp,956994,10th,26,<=50K
25,Female,Private,169795,Bachelors,42,>50K
61,Male,Gov,1257709,12th,78,<=50K
19,Female,Private,1355862,Some-college,37,<=50K
22,Male,Gov,1236613,10th,41,<=50K
71,Male,Gov,632347,10th,14,>50K
73,Female,Private,1357766,11th,2,>50K
56,Female,Self-emp,1162096,11th,28,>50K
19,Female,Self-emp,338818,Doctorate,5,>50K
18,Male,Self-emp,164999,Some-college,76,<=50K
73,Female,Gov,765315,12th,45,>50K
40,Male,Private,769038,Some-college,31,>50K
28,Female,Self-emp,1105314,12th,14,<=50K
33,Female,Self-emp,1054377,Assoc-voc,10,<=50K
29,Male,Self-emp,1172029,Assoc-voc,1,<=50K
22,Male,Self-emp,781299,Assoc-voc,8,>50K
60,Female,Self-emp,1477291,Some-college,1,<=50K
74,Female,Gov,225567,Masters,28,>50K
74,Female,Self-emp,310090,Assoc-voc,37,>50K
64,Male,Gov,1001156,10th,76,>50K
54,Male,Gov,235536,9th,44,<=50K
73,Male,Self-emp,472494,Some-college,6,<=50K
61,Male,Self-emp,455324,Preschool,20,<=50K
67,Female,Private,758788,Some-college,20,<=50K
43,Female,Self-emp,1219068,HS-grad,1,<=50K
72,Female,Gov,406274,Doctorate,70,>50K
54,Female,Gov,1220052,Bachelors,59,>50K
22,Female,Gov,1221504,10th,51,<=50K
31,Male,Private,955115,Masters,20,>50K
70,Female,Private,1192887,Preschool,43,<=50K
51,Female,Self-emp,1053592,Doctorate,39,>50K
48,Male,Self-emp,1379223,Masters,43,>50K
67,Male,Self-emp,91141,Assoc-voc,23,<=50K
62,Male,Self-emp,402479,Bachelors,50,>50K
59,Female,Self-emp,409686,HS-grad,8,>50K
67,Male,Self-emp,659296,Some-college,8,<=50K
46,Male,Gov,812101,9th,5,>50K
64,Male,Self-emp,1056257,9th,65,>50K
72,Female,Private,508758,HS-grad,43,>50K
27,Female,Gov,460625,HS-grad,17,<=50K
43,Male,Gov,1097063,Masters,47,>50K
57,Male,Self-emp,500011,10th,72,<=50K
42,Female,Private,328205,Doctorate,68,>50K
50,Male,Gov,113376,Preschool,19,<=50K
48,Male,Gov,845487,12th,14,<=50K
70,Female,Gov,170056,Doctorate,62,>50K
45,Male,Private,474785,Some-college,64,<=50K
23,Male,Gov,1044766,HS-grad,73,<=50K
50,Male,Self-emp,740744,Assoc-voc,48,>50K
30,Male,Self-emp,694568,Preschool,77,<=50K
48,Female,Gov,733384,Doctorate,75,>50K
21,Male,Self-emp,531777,Assoc-voc,4,<=50K
55,Male,Gov,802546,Some-college,70,<=50K
51,Male,Gov,347441,11th,13,>50K
58,Male,Self-emp,1305590,HS-grad,75,>50K
18,Male,Gov,406583,Doctorate,54,>50K
24,Male,Gov,1112500,Doctorate,15,>50K
18,Female,Gov,1088299,10th,71,<=50K
32,Male,Gov,676468,11th,19,<=50K
46,Male,Private,1275008,Assoc-voc,49,<=50K
49,Male,Self-emp,892112,Bachelors,35,>50K
61,Male,Self-emp,91973,10th,11,<=50K
52,Female,Self-emp,1060173,Preschool,78,>50K
27,Female,Self-emp,299681,11th,46,>50K
26,Male,Private,237049,Some-college,72,>50K
65,Male,Gov,776357,Some-college,28,>50K
70,Female,Gov,1256380,9th,26,<=50K
42,Male,Gov,1355499,HS-grad,5,>50K
51,Female,Gov,1114127,Bachelors,37,<=50K
32,Female,Gov,583107,Masters,15,<=50K
60,Male,Gov,1020559,Preschool,70,<=50K
63,Female,Private,694347,9th,43,>50K
62,Male,Self-emp,560884,HS-grad,23,<=50K
60,Male,Private,1037014,12th,47,<=50K
70,Female,Private,361307,12th,15,>50K
42,Male,Private,1200554,Bachelors,51,>50K
32,Female,Gov,782188,10th,19,>50K
51,Female,Self-emp,1369133,12th,68,>50K
65,Male,Private,594004,Doctorate,52,<=50K
63,Female,Gov,703738,11th,29,<=50K
64,Male,Private,156539,11th,35,<=50K
25,Male,Gov,1182575,Doctorate,36,>50K
47,Female,Gov,1430897,Doctorate,2,>50K
66,Male,Gov,710956,HS-grad,4,<=50K
43,Female,Gov,1317944,Assoc-voc,75,>50K
24,Female,Self-emp,187211,12th,74,>50K
56,Male,Gov,1133164,9th,31,<=50K
24,Female,Private,741532,10th,42,>50K
73,Female,Private,167683,9th,68,>50K
71,Female,Self-emp,1422822,10th,54,<=50K
18,Female,Self-emp,578956,Preschool,47,<=50K
30,Male,Private,223830,Preschool,22,<=50K
71,Female,Private,177140,HS-grad,9,<=50K
43,Male,Self-emp,573672,9th,15,>50K
27,Female,Private,87388,11th,42,<=50K
25,Female,Private,244601,Some-college,37,>50K
21,Female,Self-emp,117111,HS-grad,19,<=50K
53,Male,Private,174982,Doctorate,74,>50K
42,Male,Self-emp,1388401,Preschool,19,>50K
53,Male,Private,1257129,Masters,55,>50K
67,Male,Gov,663844,Masters,47,>50K
66,Female,Private,258242,Bachelors,33,<=50K
72,Male,Self-emp,878964,11th,22,<=50K
65,Male,Self-emp,1128964,HS-grad,15,<=50K
52,Male,Private,701115,Assoc-voc,71,>50K
49,Female,Private,1152234,Doctorate,10,>50K
26,Male,Gov,1218861,Preschool,77,>50K
74,Male,Gov,805853,Preschool,25,>50K
19,Female,Gov,554015,Masters,35,<=50K
24,Male,Self-emp,1387828,12th,18,<=50K
20,Male,Private,1447177,HS-grad,39,>50K
58,Male,Gov,241104,Doctorate,75,>50K
56,Female,Self-emp,1170423,11th,60,>50K
63,Male,Private,466162,10th,68,<=50K
43,Female,Gov,1356613,Bachelors,42,>50K
49,Female,Private,1020806,10th,36,<=50K
57,Male,Gov,1172932,Doctorate,36,>50K
20,Male,Private,1339176,9th,8,<=50K
50,Male,Self-emp,415322,Preschool,70,<=50K
58,Male,Self-emp,389539,Assoc-voc,13,>50K
66,Female,Self-emp,1387035,10th,2,<=50K
22,Female,Private,473227,Bachelors,27,>50K
49,Male,Self-emp,661991,Masters,72,>50K
67,Male,Self-emp,1055445,10th,44,>50K
20,Female,Self-emp,241189,Doctorate,2,>50K
40,Male,Self-emp,263051,HS-grad,2,>50K
55,Male,Private,725936,10th,35,>50K
51,Male,Self-emp,283830,Doctorate,30,<=50K
69,Male,Private,371687,Masters,22,>50K
61,Female,Private,466179,9th,69,<=50K
30,Male,Self-emp,847036,Preschool,31,<=50K
64,Male,Private,1086168,Bachelors,55,>50K
33,Male,Private,1292617,9th,62,<=50K
47,Female,Private,766296,Assoc-voc,55,>50K
33,Female,Gov,1129195,HS-grad,17,<=50K
33,Male,Self-emp,1211751,Doctorate,3,>50K
33,Male,Self-emp,879869,12th,23,<=50K
45,Female,Self-emp,198994,10th,5,>50K
37,Female,Gov,1056327,11th,65,>50K
74,Female,Private,749565,12th,21,<=50K
37,Male,Private,229029,10th,22,>50K
35,Male,Private,1319079,Bachelors,32,>50K
50,Female,Private,389844,11th,16,<=50K
29,Male,Gov,1256709,Preschool,14,<=50K
53,Female,Private,1328502,Doctorate,66,>50K
58,Female,Self-emp,1044532,HS-grad,2,<=50K
44,Male,Gov,1239512,Preschool,73,<=50K
18,Male,Private,401954,10th,52,<=50K
40,Female,Private,30073,9th,68,<=50K
35,Female,Self-emp,245782,HS-grad,6,<=50K
52,Male,Self-emp,626805,Masters,43,>50K
32,Female,Gov,738331,12th,12,>50K
64,Female,Gov,897296,9th,42,<=50K
55,Male,Gov,299313,10th,45,<=50K
52,Male,Private,203703,Bachelors,30,<=50K
31,Male,Private,1134437,10th,67,>50K
33,Male,Self-emp,305894,Bachelors,52,>50K
31,Female,Gov,1138798,Some-college,21,>50K
52,Male,Self-emp,805153,9th,2,<=50K
52,Male,Gov,1264557,Some-college,20,>50K
35,Male,Gov,499689,Doctorate,25,<=50K
19,Female,Self-emp,872952,HS-grad,54,<=50K
50,Male,Gov,1066477,Doctorate,65,>50K
63,Male,Self-emp,1353775,Preschool,54,<=50K
63,Male,Self-emp,157788,Some-college,52,<=50K
20,Female,Gov,702658,Assoc-voc,41,>50K
23,Female,Private,1262956,HS-grad,8,<=50K
38,Male,Gov,1077923,HS-grad,25,>50K
32,Male,Self-emp,976163,9th,45,>50K
29,Male,Gov,19967,Assoc-voc,13,<=50K
48,Male,Self-emp,1225261,Some-college,20,<=50K
35,Male,Private,853531,11th,63,<=50K
23,Female,Gov,1440127,12th,43,>50K
19,Female,Private,1295131,HS-grad,23,<=50K
36,Female,Self-emp,1001470,10th,5,>50K
36,Female,Self-emp,1419753,11th,2,>50K
28,Female,Self-emp,713692,10th,31,<=50K
73,Male,Private,1216680,9th,9,>50K
52,Male,Private,1262632,Bachelors,28,>50K
63,Male,Private,149478,Masters,16,<=50K
50,Female,Gov,633827,Preschool,4,<=50K
56,Male,Gov,35312,12th,52,>50K
46,Male,Private,810843,HS-grad,38,>50K
56,Female,Private,855441,HS-grad,63,<=50K
54,Female,Private,69022,Bachelors,62,>50K
52,Male,Private,370918,12th,27,>50K
45,Female,Self-emp,826037,Bachelors,14,>50K
24,Female,Private,939460,Assoc-voc,5,>50K
72,Male,Self-emp,606305,Some-college,62,<=50K
44,Male,Private,542836,12th,79,>50K
38,Male,Gov,166249,Some-college,58,>50K
73,Female,Private,672902,HS-grad,5,>50K
18,Male,Self-emp,1121004,Masters,53,>50K
35,Male,Gov,714436,10th,45,<=50K
49,Female,Gov,274307,Assoc-voc,60,>50K
28,Female,Self-emp,1196446,12th,21,<=50K
69,Female,Self-emp,1352020,11th,26,>50K
21,Male,Private,1360207,Some-college,52,>50K
46,Female,Gov,1317129,Assoc-voc,21,<=50K
59,Male,Private,1440080,HS-grad,64,>50K
34,Male,Self-emp,15191,10th,9,<=50K
58,Male,Private,640864,12th,2,<=50K
65,Female,Self-emp,1197820,11th,10,>50K
67,Female,Gov,1474073,Assoc-voc,60,<=50K
57,Male,Gov,233972,Assoc-voc,28,<=50K
28,Male,Gov,1450454,Masters,34,<=50K
25,Female,Gov,433818,Some-college,72,>50K
66,Male,Private,716590,Bachelors,17,>50K
40,Male,Private,1479223,10th,45,>50K
36,Female,Gov,977188,Masters,32,<=50K
61,Female,Gov,75936,11th,8,<=50K
30,Female,Private,1383640,Bachelors,43,>50K
18,Male,Private,1330508,10th,51,<=50K
41,Male,Self-emp,1208179,Preschool,21,>50K
57,Male,Self-emp,974361,Some-college,31,<=50K
63,Male,Gov,415082,Doctorate,52,<=50K
32,Female,Gov,1033318,Assoc-voc,28,>50K
68,Female,Private,1219786,Preschool,58,<=50K
22,Male,Self-emp,1298916,Some-college,8,<=50K
27,Female,Private,433486,11th,8,<=50K
57,Female,Gov,664184,Bachelors,73,>50K
19,Female,Gov,531089,Masters,67,>50K
66,Male,Self-emp,194051,11th,68,>50K
31,Male,Private,135257,Assoc-voc,62,<=50K
67,Male,Gov,1015171,HS-grad,12,<=50K
44,Female,Self-emp,815585,Bachelors,13,>50K
70,Male,Gov,124990,HS-grad,16,<=50K
49,Male,Gov,1252351,Bachelors,11,>50K
27,Female,Gov,38806,Doctorate,73,<=50K
42,Female,Self-emp,82119,Doctorate,59,>50K
31,Female,Private,641720,9th,22,<=50K
69,Male,Private,419507,9th,44,>50K
49,Male,Self-emp,897421,Bachelors,21,>50K
52,Male,Private,304985,Assoc-voc,32,>50K
47,Female,Private,191830,HS-grad,39,<=50K
66,Male,Self-emp,573931,12th,47,<=50K
35,Female,Gov,1423220,Bachelors,13,>50K
38,Male,Gov,878183,Doctorate,46,>50K
57,Male,Self-emp,853965,Masters,7,<=50K
40,Female,Gov,644543,10th,75,<=50K
39,Female,Gov,1118581,Some-college,22,>50K
45,Male,Private,892412,Doctorate,13,>50K
35,Female,Private,156129,Bachelors,29,>50K
38,Female,Private,329875,Some-college,27,<=50K
67,Female,Private,580926,HS-grad,79,>50K
68,Male,Gov,1238134,Some-college,44,<=50K
30,Female,Private,1431541,Some-college,43,<=50K
54,Female,Self-emp,79260,Preschool,56,>50K
20,Female,Private,807326,Assoc-voc,19,<=50K
40,Female,Private,41725,9th,39,>50K
61,Female,Self-emp,273486,Some-college,25,<=50K
54,Female,Gov,886631,Bachelors,58,>50K
33,Male,Private,994599,Preschool,1,>50K
61,Female,Gov,454882,Masters,65,>50K
21,Female,Gov,256839,Doctorate,64,<=50K
59,Female,Gov,1445441,Masters,10,>50K
38,Male,Self-emp,704095,Bachelors,46,>50K
56,Male,Private,1009082,9th,27,>50K
19,Male,Private,1128271,Masters,13,>50K
26,Female,Private,129235,Preschool,36,<=50K
39,Male,Gov,1079609,Some-college,58,>50K
71,Male,Private,703211,Doctorate,78,>50K
31,Female,Self-emp,157016,10th,34,<=50K
70,Male,Gov,1150040,12th,20,<=50K
28,Female,Private,757182,Doctorate,70,>50K
73,Male,Private,428978,12th,58,<=50K
21,Female,Gov,535886,Assoc-voc,4,<=50K
37,Female,Self-emp,554601,Preschool,24,<=50K
71,Female,Private,1175490,11th,26,>50K
54,Male,Gov,115892,12th,54,<=50K
57,Female,Private,655942,Doctorate,21,<=50K
27,Female,Gov,116195,Masters,60,>50K
74,Female,Self-emp,944883,Assoc-voc,17,>50K
72,Female,Self-emp,1038630,Some-college,4,<=50K
46,Male,Private,1024237,11th,3,>50K
41,Female,Self-emp,585156,Some-college,58,<=50K
72,Male,Private,1329363,9th,4,>50K
73,Female,Gov,1169655,9th,34,<=50K
47,Female,Private,1306929,10th,19,<=50K
48,Male,Self-emp,1482523,10th,19,<=50K
66,Male,Private,1129502,Masters,22,<=50K
41,Male,Private,1102668,Masters,76,>50K
47,Male,Self-emp,164889,Masters,31,>50K
53,Female,Gov,781727,Doctorate,19,>50K
65,Male,Gov,1328189,Bachelors,55,>50K
66,Female,Gov,88256,9th,18,>50K
69,Female,Gov,193360,10th,47,>50K
28,Male,Self-emp,945688,HS-grad,45,>50K
50,Female,Private,1499045,11th,4,<=50K
37,Male,Private,42447,Preschool,47,>50K
44,Male,Self-emp,1029541,Preschool,47,>50K
31,Male,Gov,653147,Bachelors,75,>50K
56,Male,Gov,419688,11th,16,<=50K
22,Male,Private,528595,Some-college,61,<=50K
27,Female,Gov,177937,Preschool,3,<=50K
30,Female,Self-emp,255306,9th,70,>50K
34,Female,Self-emp,1083860,Preschool,19,<=50K
59,Female,Gov,823554,HS-grad,46,>50K
43,Female,Gov,749266,Preschool,69,<=50K
46,Female,Self-emp,1330719,Preschool,37,>50K
37,Male,Self-emp,535156,Some-college,74,<=50K
22,Female,Self-emp,781605,Preschool,4,<=50K
56,Female,Private,461830,11th,35,<=50K
18,Male,Private,80920,12th,70,>50K
58,Female,Gov,942997,11th,46,<=50K
61,Female,Self-emp,442267,Some-college,57,<=50K
48,Female,Self-emp,1127731,Bachelors,24,>50K
42,Male,Self-emp,319747,Masters,30,>50K
41,Female,Gov,704841,Assoc-voc,30,<=50K
39,Male,Gov,1426022,10th,35,>50K
72,Male,Self-emp,31675,11th,14,<=50K
73,Male,Gov,979561,Assoc-voc,16,<=50K
71,Male,Self-emp,767678,Masters,77,<=50K
23,Female,Self-emp,578088,Assoc-voc,45,<=50K
53,Female,Self-emp,501066,HS-grad,57,>50K
38,Male,Self-emp,845731,Masters,50,>50K
50,Female,Gov,765158,Some-college,70,>50K
32,Male,Private,1468081,Masters,32,>50K
73,Female,Private,78707,Assoc-voc,15,<=50K
65,Male,Private,1296294,9th,21,<=50K
59,Male,Self-emp,1006969,Preschool,14,>50K
74,Female,Self-emp,1474436,Masters,58,<=50K
38,Male,Gov,795441,11th,69,>50K
20,Male,Private,261430,12th,37,<=50K
41,Female,Self-emp,292466,Doctorate,12,<=50K
74,Female,Private,1413256,Bachelors,33,>50K
67,Female,Private,1220948,Assoc-voc,68,<=50K
59,Male,Private,141350,Preschool,33,>50K
34,Male,Private,218487,Assoc-voc,61,>50K
51,Male,Self-emp,739067,10th,58,<=50K
60,Male,Private,1238408,Bachelors,39,>50K
39,Female,Self-emp,57232,10th,17,<=50K
51,Female,Self-emp,795301,Preschool,70,<=50K
51,Female,Self-emp,1391904,Assoc-voc,74,<=50K
38,Male,Self-emp,1449188,Bachelors,2,>50K
39,Male,Private,1172248,Bachelors,66,>50K
27,Male,Private,744303,Assoc-voc,51,<=50K
56,Male,Self-emp,105269,Preschool,76,>50K
41,Male,Gov,1281671,Bachelors,38,>50K
27,Male,Private,160066,HS-grad,64,>50K
68,Female,Private,636446,10th,49,>50K
49,Male,Private,1386598,Preschool,21,<=50K
37,Female,Self-emp,600158,Preschool,68,>50K
63,Female,Gov,877139,12th,15,<=50K
73,Female,Private,1202631,10th,79,<=50K
39,Male,Self-emp,537069,HS-grad,27,<=50K
58,Female,Private,543111,12th,58,>50K
45,Female,Gov,183033,Masters,63,>50K
19,Female,Self-emp,1142392,11th,3,>50K
25,Female,Private,889611,9th,42,>50K
69,Male,Private,30658,Preschool,6,>50K
56,Male,Gov,191635,Preschool,23,<=50K
42,Male,Gov,222097,HS-grad,43,<=50K
36,Male,Self-emp,674212,Preschool,51,>50K
28,Female,Self-emp,669911,9th,12,>50K
27,Male,Private,1240807,Some-college,24,<=50K
45,Female,Self-emp,689160,HS-grad,36,>50K
54,Male,Private,1322292,11th,72,<=50K
72,Male,Self-emp,426600,Assoc-voc,47,<=50K
32,Female,Gov,231055,HS-grad,42,>50K
37,Female,Private,883877,HS-grad,12,>50K
19,Female,Self-emp,836143,Doctorate,3,<=50K
62,Female,Self-emp,929786,Preschool,40,<=50K
55,Male,Private,383616,11th,1,<=50K
72,Male,Private,625375,HS-grad,8,<=50K
54,Female,Gov,928383,Preschool,48,>50K
60,Female,Self-emp,758084,12th,4,>50K
47,Male,Self-emp,285349,9th,19,>50K
49,Female,Self-emp,1403405,Bachelors,16,>50K
18,Female,Private,1216798,Preschool,21,<=50K
47,Male,Gov,1117057,Assoc-voc,4,<=50K
45,Male,Self-emp,406341,Preschool,59,<=50K
72,Female,Self-emp,1461796,Preschool,25,<=50K
20,Female,Private,251968,10th,68,<=50K
42,Male,Private,890483,Preschool,34,<=50K
43,Female,Self-emp,1322077,11th,5,>50K
52,Female,Self-emp,1158332,Masters,9,>50K
69,Female,Private,1039557,10th,50,>50K
23,Female,Self-emp,1222578,Masters,60,>50K
61,Female,Gov,1182808,9th,11,>50K
19,Female,Self-emp,1303627,Assoc-voc,73,>50K
38,Female,Gov,320449,Preschool,3,>50K
29,Female,Self-emp,1073339,Bachelors,30,<=50K
43,Male,Private,868047,12th,21,<=50K
45,Female,Gov,1277399,10th,62,>50K
50,Female,Self-emp,561844,Assoc-voc,35,<=50K
69,Male,Self-emp,383233,Assoc-voc,41,<=50K
68,Female,Gov,680590,Preschool,58,<=50K
28,Female,Private,1165976,HS-grad,23,<=50K
65,Male,Private,447071,Assoc-voc,22,<=50K
34,Female,Gov,608804,10th,11,>50K
47,Male,Private,445934,11th,35,>50K
50,Female,Private,1249715,Some-college,16,<=50K
51,Male,Private,1266311,Doctorate,28,>50K
64,Male,Gov,341638,Assoc-voc,70,>50K
26,Female,Private,50547,Preschool,1,<=50K
25,Male,Self-emp,1316766,9th,67,<=50K
21,Male,Self-emp,766105,Bachelors,25,<=50K
64,Male,Gov,591365,Doctorate,15,<=50K
38,Female,Gov,1023316,11th,53,<=50K
63,Male,Gov,1371501,11th,76,>50K
34,Female,Gov,1159272,Doctorate,77,>50K
32,Male,Self-emp,153521,Doctorate,6,<=50K
44,Female,Self-emp,595098,11th,46,>50K
55,Female,Gov,733037,10th,72,<=50K
52,Male,Private,714098,Masters,30,>50K
31,Female,Gov,296154,Assoc-voc,25,<=50K
57,Male,Gov,690743,Preschool,14,<=50K
43,Male,Gov,1095094,10th,22,<=50K
65,Female,Gov,736984,HS-grad,51,<=50K
20,Female,Gov,251017,12th,19,<=50K
26,Female,Gov,464891,10th,45,>50K
24,Female,Private,1088941,10th,63,>50K
26,Female,Private,285146,Bachelors,19,<=50K
64,Male,Self-emp,592595,11th,14,<=50K
73,Female,Private,324229,Bachelors,53,>50K
53,Female,Private,1485447,10th,30,>50K
26,Female,Private,858143,12th,33,<=50K
73,Male,Gov,600595,Preschool,14,<=50K
28,Male,Gov,107028,Some-college,59,<=50K
31,Male,Self-emp,137149,Doctorate,41,>50K
21,Female,Gov,175834,Bachelors,68,>50K
45,Female,Private,927207,12th,2,<=50K
58,Female,Private,1428828,Preschool,41,<=50K
73,Female,Gov,1178462,10th,55,<=50K
33,Male,Gov,1095868,Masters,62,>50K
66,Male,Gov,587919,HS-grad,30,>50K
29,Male,Gov,1245954,10th,11,>50K
63,Male,Self-emp,988433,Some-college,21,<=50K
22,Male,Private,1381363,12th,67,<=50K
61,Male,Self-emp,814720,9th,73,<=50K
26,Male,Private,1106979,11th,35,<=50K
34,Male,Gov,1016001,12th,65,<=50K
25,Female,Self-emp,503862,12th,47,<=50K
57,Male,Gov,235563,Assoc-voc,54,<=50K
29,Male,Gov,345997,HS-grad,47,<=50K
32,Male,Self-emp,1188371,10th,22,<=50K
57,Male,Self-emp,991448,Masters,29,<=50K
68,Female,Self-emp,565091,Assoc-voc,55,>50K
24,Female,Gov,1497147,Preschool,28,>50K
21,Female,Self-emp,1016949,Masters,76,<=50K
62,Male,Private,282914,Preschool,66,<=50K
41,Female,Private,291713,Doctorate,55,>50K
58,Female,Private,1364790,10th,38,<=50K
23,Female,Gov,169584,10th,61,<=50K
29,Male,Self-emp,303077,Preschool,27,>50K
25,Male,Private,386226,11th,65,<=50K
74,Male,Gov,1267516,HS-grad,40,>50K
31,Male,Gov,881807,Doctorate,56,>50K
66,Male,Gov,590533,Doctorate,49,>50K
63,Male,Gov,787024,Preschool,62,>50K
25,Female,Gov,442634,Assoc-voc,20,>50K
50,Male,Private,1470516,11th,49,<=50K
59,Male,Gov,148554,Masters,54,<=50K
58,Female,Self-emp,194024,9th,37,<=50K
66,Female,Self-emp,1453296,Bachelors,21,>50K
68,Male,Gov,388742,Bachelors,55,>50K
58,Male,Gov,558495,12th,11,>50K
63,Male,Self-emp,617842,10th,11,>50K
30,Female,Gov,989022,HS-grad,46,>50K
62,Female,Self-emp,204512,Doctorate,40,<=50K
61,Male,Self-emp,203420,11th,12,<=50K
65,Male,Gov,1476224,Doctorate,45,<=50K
43,Female,Gov,879780,11th,8,>50K
42,Female,Private,746042,10th,46,<=50K
40,Male,Private,1244541,Bachelors,47,>50K
40,Female,Gov,146832,10th,47,<=50K
37,Female,Private,297521,Assoc-voc,18,>50K
19,Male,Private,1098787,11th,33,>50K
53,Female,Private,570830,HS-grad,28,>50K
57,Male,Gov,877363,9th,76,<=50K
68,Male,Self-emp,1210734,Preschool,41,>50K
56,Male,Private,345569,12th,63,<=50K
46,Female,Self-emp,456865,11th,51,<=50K
28,Male,Private,267948,Some-college,10,<=50K
31,Male,Self-emp,868626,9th,73,>50K
74,Female,Gov,118022,12th,28,>50K
20,Female,Self-emp,1473331,Doctorate,70,>50K
44,Female,Private,1122644,Masters,2,>50K
46,Female,Self-emp,173445,Assoc-voc,3,>50K
33,Female,Self-emp,236605,9th,40,>50K
19,Female,Self-emp,261768,10th,12,>50K
52,Male,Self-emp,538570,11th,65,<=50K
72,Male,Self-emp,232972,Preschool,79,>50K
43,Male,Private,220944,10th,25,<=50K
40,Female,Gov,1373303,Masters,38,<=50K
45,Female,Gov,808948,10th,54,>50K
60,Male,Self-emp,1058161,Doctorate,36,>50K
52,Female,Private,243496,9th,53,>50K
55,Male,Self-emp,572315,Assoc-voc,32,<=50K
20,Male,Gov,615291,Preschool,44,>50K
32,Male,Self-emp,328456,11th,63,>50K
40,Male,Gov,94279,9th,75,<=50K
65,Male,Private,452991,9th,57,>50K
71,Female,Self-emp,95555,Masters,33,>50K
41,Male,Gov,188806,Assoc-voc,34,>50K
73,Female,Private,445819,Bachelors,37,<=50K
24,Female,Private,80803,10th,37,<=50K
73,Female,Gov,819744,Some-college,65,<=50K
64,Male,Self-emp,711539,Preschool,19,<=50K
46,Male,Gov,654249,Some-college,60,>50K
35,Male,Gov,800443,Doctorate,35,>50K
60,Female,Self-emp,580302,9th,11,<=50K
66,Male,Gov,809552,11th,38,<=50K
22,Male,Private,1401959,10th,34,<=50K
65,Male,Private,523603,11th,56,>50K
29,Male,Gov,519365,Masters,65,>50K
48,Female,Gov,1240163,HS-grad,50,>50K
22,Female,Self-emp,840791,Masters,59,>50K
20,Female,Private,657194,Masters,45,>50K
21,Male,Private,789881,Preschool,27,<=50K
63,Male,Private,845525,11th,64,>50K
44,Male,Gov,948197,Doctorate,59,>50K
32,Male,Gov,262100,Preschool,30,<=50K
59,Male,Private,788676,9th,37,<=50K
59,Female,Self-emp,1265499,11th,35,<=50K
40,Female,Gov,1214821,11th,68,<=50K
35,Male,Gov,214747,Preschool,73,>50K
66,Male,Gov,1348092,Preschool,77,>50K
64,Female,Gov,944477,12th,17,>50K
62,Female,Self-emp,179647,11th,22,>50K
21,Male,Gov,564004,10th,37,<=50K
58,Male,Gov,14352,HS-grad,13,>50K
51,Male,Gov,798261,10th,53,<=50K
40,Male,Self-emp,62098,Preschool,3,>50K
59,Male,Gov,676929,Preschool,32,<=50K
62,Female,Self-emp,1248530,Bachelors,46,<=50K
61,Female,Private,759028,9th,44,<=50K
28,Female,Self-emp,405574,12th,68,<=50K
68,Male,Self-emp,883808,11th,63,>50K
41,Male,Private,879964,Some-college,13,<=50K
64,Female,Self-emp,563050,Masters,51,>50K
34,Male,Gov,883522,10th,24,>50K
36,Male,Self-emp,614276,Preschool,8,>50K
45,Female,Self-emp,92388,Assoc-voc,17,>50K
54,Female,Gov,251779,12th,19,>50K
44,Female,Gov,1192788,Assoc-voc,11,<=50K
71,Female,Private,800140,Doctorate,47,>50K
29,Female,Private,1219956,Assoc-voc,11,<=50K
56,Female,Self-emp,1339579,Some-college,5,<=50K
34,Female,Gov,406423,11th,20,<=50K
58,Male,Gov,602381,Masters,12,>50K
23,Male,Private,1185650,Masters,26,>50K
65,Female,Gov,50635,12th,52,<=50K
49,Male,Private,1007909,Doctorate,55,<=50K
53,Male,Private,609093,11th,75,>50K
50,Female,Private,921245,HS-grad,23,>50K
32,Female,Private,1242746,12th,75,>50K
74,Female,Self-emp,572881,12th,51,<=50K
70,Female,Gov,1174189,12th,51,>50K
64,Male,Gov,433614,9th,4,<=50K
24,Male,Gov,1211151,10th,73,>50K
25,Male,Gov,1034892,10th,72,<=50K
36,Male,Gov,716293,11th,67,<=50K
22,Female,Private,778988,Preschool,47,>50K
63,Male,Private,193948,Some-college,31,<=50K
72,Female,Gov,326063,Doctorate,22,>50K
46,Male,Gov,1197493,Bachelors,43,>50K
20,Male,Private,654613,10th,10,>50K
59,Female,Self-emp,956447,Some-college,21,<=50K
33,Male,Self-emp,1034145,Doctorate,41,>50K
41,Female,Private,617730,Doctorate,56,>50K
47,Male,Gov,330766,Some-college,35,>50K
36,Male,Gov,284647,Some-college,26,<=50K
66,Female,Gov,810022,9th,30,<=50K
24,Female,Private,942370,Assoc-voc,65,<=50K
53,Female,Gov,700152,9th,37,<=50K
18,Male,Self-emp,793198,HS-grad,37,<=50K
30,Female,Gov,54727,Masters,8,>50K
22,Male,Self-emp,653211,Doctorate,73,<=50K
18,Male,Gov,949635,Some-college,35,<=50K
19,Male,Self-emp,981831,Preschool,23,<=50K
26,Female,Private,33281,10th,46,<=50K
31,Female,Self-emp,1371231,Assoc-voc,4,>50K
47,Female,Private,374462,Preschool,75,<=50K
52,Male,Self-emp,1309991,Masters,3,>50K
31,Male,Self-emp,569243,Masters,77,>50K
62,Male,Gov,22207,Assoc-voc,34,>50K
62,Male,Private,171292,HS-grad,16,<=50K
19,Female,Gov,879239,Bachelors,17,<=50K
72,Male,Self-emp,1204097,Assoc-voc,16,<=50K
55,Female,Gov,772129,Some-college,66,>50K
43,Female,Self-emp,189164,Masters,56,>50K
64,Male,Private,763518,10th,34,<=50K
56,Female,Gov,1129063,Bachelors,78,>50K
73,Female,Gov,1375837,11th,55,<=50K
44,Male,Gov,245077,10th,53,>50K
56,Male,Private,666224,Preschool,30,>50K
70,Male,Self-emp,1182834,Assoc-voc,53,<=50K
36,Female,Private,1446904,10th,31,>50K
34,Female,Self-emp,290710,12th,23,>50K
49,Male,Self-emp,574621,Doctorate,74,>50K
27,Female,Self-emp,625859,Doctorate,72,>50K
71,Male,Gov,12159,11th,14,<=50K
67,Male,Private,379003,Some-college,53,<=50K
41,Female,Self-emp,1106677,Masters,30,>50K
21,Male,Self-emp,1291180,Bachelors,59,>50K
40,Female,Private,348907,Preschool,31,<=50K
31,Female,Self-emp,683009,Some-college,75,>50K
58,Male,Self-emp,484779,HS-grad,49,<=50K
32,Male,Private,910488,Some-college,26,>50K
35,Male,Self-emp,1260351,Assoc-voc,38,>50K
34,Female,Gov,826422,10th,50,<=50K
25,Female,Self-emp,178277,Bachelors,69,>50K
61,Female,Gov,791128,12th,64,>50K
46,Male,Self-emp,971131,Assoc-voc,11,>50K
74,Female,Gov,214346,9th,19,<=50K
26,Female,Gov,1459585,Some-college,44,<=50K
21,Male,Private,1174126,Preschool,51,<=50K
30,Female,Self-emp,103218,Preschool,49,<=50K
23,Female,Private,1240343,HS-grad,76,>50K
68,Male,Self-emp,1300592,Assoc-voc,58,<=50K
40,Female,Gov,706489,Preschool,29,>50K
50,Female,Self-emp,56760,12th,55,>50K
27,Female,Self-emp,1408436,11th,21,>50K
60,Male,Private,828228,Masters,33,<=50K
41,Male,Private,1281611,11th,11,>50K
34,Male,Private,1416355,9th,47,>50K
42,Male,Self-emp,873789,10th,73,<=50K
38,Male,Private,1338931,Some-college,12,<=50K
54,Male,Gov,1448457,Doctorate,17,>50K
54,Male,Gov,165077,Some-college,48,>50K
56,Male,Private,430815,10th,41,<=50K
52,Male,Private,785422,Preschool,18,>50K
31,Female,Self-emp,1183682,9th,71,<=50K
58,Female,Gov,14257,9th,13,>50K
53,Male,Gov,1087230,12th,2,<=50K
33,Female,Gov,303464,Preschool,73,<=50K
55,Female,Self-emp,500906,9th,54,>50K
73,Male,Self-emp,1095349,Some-college,45,<=50K
62,Female,Private,884328,Some-college,8,>50K
24,Male,Self-emp,1025539,Some-college,18,<=50K
20,Male,Gov,860923,9th,70,<=50K
61,Female,Self-emp,490356,Bachelors,28,<=50K
57,Female,Gov,328480,Masters,21,<=50K
60,Female,Private,485314,Doctorate,13,<=50K
74,Female,Self-emp,300816,Masters,54,>50K
27,Female,Self-emp,74507,Masters,47,>50K
70,Female,Gov,253225,Masters,46,>50K
30,Female,Self-emp,818564,Preschool,24,<=50K
19,Female,Self-emp,1234613,Masters,14,<=50K
27,Male,Private,749954,Some-college,25,>50K
20,Female,Gov,719173,9th,17,<=50K
29,Female,Private,328275,Assoc-voc,24,>50K
46,Male,Gov,991114,Bachelors,25,>50K
53,Male,Self-emp,668761,Some-college,60,>50K
43,Female,Gov,1284037,Bachelors,65,>50K
37,Male,Private,1425238,9th,28,>50K
33,Female,Self-emp,350384,9th,58,<=50K
29,Female,Gov,278010,Bachelors,53,>50K
59,Male,Private,607642,Some-college,47,<=50K
47,Male,Gov,260552,9th,34,>50K
54,Female,Self-emp,304575,Bachelors,25,>50K
50,Male,Self-emp,1115926,9th,58,>50K
24,Male,Private,1121816,9th,12,<=50K
33,Male,Gov,962991,Preschool,43,<=50K
70,Female,Self-emp,193196,Preschool,7,<=50K
53,Female,Private,1245202,Preschool,73,<=50K
49,Male,Self-emp,540714,9th,8,<=50K
50,Male,Self-emp,826038,Bachelors,72,<=50K
62,Male,Private,252853,Masters,59,>50K
21,Female,Private,188743,11th,67,<=50K
46,Male,Self-emp,905416,Masters,29,>50K
51,Male,Gov,1147841,9th,28,<=50K
30,Male,Self-emp,639835,HS-grad,44,>50K
43,Female,Private,774371,Preschool,9,<=50K
72,Male,Private,154980,Assoc-voc,56,<=50K
49,Male,Private,348851,9th,50,>50K
28,Female,Self-emp,1121791,Masters,28,>50K
39,Female,Self-emp,1230106,11th,71,>50K
59,Male,Self-emp,351384,9th,26,<=50K
42,Female,Private,320617,12th,45,>50K
36,Female,Self-emp,905388,9th,53,>50K
25,Male,Private,924743,10th,68,>50K
64,Female,Self-emp,1329726,10th,28,<=50K
28,Male,Gov,610506,10th,65,<=50K
66,Male,Private,568718,12th,52,<=50K
55,Male,Self-emp,1136027,HS-grad,57,<=50K
64,Female,Private,364414,10th,46,<=50K
67,Male,Gov,678393,Some-college,5,<=50K
37,Female,Private,280083,HS-grad,75,>50K
73,Male,Private,505216,11th,50,>50K
55,Male,Private,1498561,HS-grad,15,>50K
49,Male,Private,507164,12th,21,<=50K
63,Female,Gov,301220,9th,6,<=50K
55,Female,Private,1407285,Assoc-voc,62,>50K
35,Male,Private,829865,Masters,46,>50K
30,Male,Self-emp,449470,Preschool,3,>50K
47,Female,Self-emp,836837,Bachelors,8,<=50K
61,Female,Gov,929996,Bachelors,33,<=50K
34,Female,Private,1023439,Masters,75,<=50K
30,Male,Private,1168618,Masters,28,>50K
61,Male,Private,775461,10th,41,<=50K
33,Male,Gov,1335587,10th,48,>50K
73,Male,Gov,1287711,12th,59,<=50K
43,Female,Gov,350365,Preschool,76,>50K
28,Male,Private,1297138,11th,55,<=50K
55,Female,Gov,1184341,11th,26,<=50K
23,Female,Self-emp,725987,Assoc-voc,29,<=50K
51,Female,Self-emp,308208,Doctorate,43,>50K
70,Female,Gov,1129007,Assoc-voc,66,<=50K
51,Male,Self-emp,938215,10th,13,<=50K
59,Female,Self-emp,1461991,9th,65,<=50K
60,Female,Private,426758,Bachelors,59,<=50K
37,Male,Gov,630071,11th,44,<=50K
26,Female,Private,1083177,Some-college,36,<=50K
54,Male,Self-emp,151227,Bachelors,28,<=50K
59,Female,Gov,293854,10th,43,<=50K
38,Male,Private,672327,Bachelors,66,>50K
72,Male,Private,1497255,Some-college,48,>50K
44,Male,Private,879482,Some-college,67,<=50K
61,Male,Gov,1406316,Doctorate,45,>50K
27,Male,Gov,80323,HS-grad,9,<=50K
71,Female,Private,1473494,9th,27,<=50K
51,Male,Gov,402642,Preschool,1,>50K
49,Female,Private,119096,Bachelors,71,>50K
66,Female,Self-emp,826914,Doctorate,20,>50K
70,Male,Private,380226,Preschool,78,<=50K
34,Male,Gov,1106316,Preschool,53,>50K
44,Female,Gov,340785,Bachelors,68,>50K
18,Male,Self-emp,718673,10th,1,<=50K
43,Male,Private,1173068,Preschool,20,<=50K
69,Female,Self-emp,765494,12th,10,<=50K
28,Male,Private,1331976,Doctorate,5,>50K
18,Female,Private,994293,11th,41,>50K
46,Female,Gov,992547,Bachelors,69,>50K
28,Female,Private,1456663,Doctorate,51,>50K
38,Male,Private,427842,9th,76,>50K
43,Female,Self-emp,1318482,Preschool,19,<=50K
62,Male,Private,111003,HS-grad,71,>50K
64,Female,Self-emp,731174,Preschool,26,<=50K
57,Male,Private,281956,Preschool,21,<=50K
31,Female,Self-emp,407395,Masters,23,>50K
59,Male,Self-emp,937779,11th,15,<=50K
67,Female,Gov,399699,11th,8,<=50K
58,Male,Private,1233999,Preschool,19,<=50K
65,Male,Private,225606,Bachelors,46,>50K
45,Male,Self-emp,1301709,Bachelors,68,>50K
32,Male,Self-emp,450242,9th,37,<=50K
18,Female,Private,1010082,10th,24,>50K
44,Female,Gov,1205918,9th,61,<=50K
53,Male,Gov,1123009,Preschool,24,>50K
41,Male,Self-emp,359139,11th,67,>50K
51,Male,Gov,149686,12th,53,>50K
73,Female,Gov,1497676,Bachelors,69,>50K
48,Female,Gov,1359764,Preschool,62,>50K
58,Male,Private,61976,Some-college,60,<=50K
71,Female,Private,231526,Doctorate,38,>50K
38,Male,Self-emp,1006620,9th,3,<=50K
68,Male,Private,626741,Masters,47,>50K
21,Female,Gov,220859,Bachelors,76,>50K
55,Female,Self-emp,1212114,9th,36,>50K
64,Male,Private,1218212,Assoc-voc,13,<=50K
40,Female,Gov,1111577,Some-college,50,>50K
47,Female,Private,440733,Preschool,25,>50K
65,Female,Private,1453149,10th,47,<=50K
71,Male,Private,1187055,Assoc-voc,22,<=50K
38,Male,Private,1325428,Doctorate,72,>50K
66,Male,Self-emp,1380335,Masters,59,>50K
72,Female,Self-emp,284158,12th,42,>50K
27,Male,Private,714495,Preschool,59,>50K
51,Male,Private,90077,Some-college,9,<=50K
34,Male,Self-emp,327018,11th,10,<=50K
39,Male,Self-emp,825560,HS-grad,17,<=50K
21,Male,Private,755859,Assoc-voc,25,<=50K
38,Male,Gov,154180,Bachelors,65,>50K
42,Female,Self-emp,932114,Some-college,36,<=50K
34,Female,Private,1333448,Masters,66,>50K
57,Male,Private,97774,12th,39,<=50K
23,Male,Gov,424672,Masters,23,>50K
56,Male,Self-emp,638256,HS-grad,34,<=50K
58,Female,Private,358184,10th,13,<=50K
23,Female,Gov,704485,Preschool,52,<=50K
70,Female,Self-emp,406754,9th,63,>50K
66,Male,Private,37675,Bachelors,47,>50K
62,Male,Self-emp,1357718,Doctorate,64,>50K
18,Male,Private,641698,HS-grad,15,>50K
53,Female,Gov,324863,9th,68,<=50K
35,Female,Private,1262130,Doctorate,43,>50K
69,Male,Gov,817351,Doctorate,78,<=50K
50,Female,Gov,193517,12th,34,<=50K
72,Male,Gov,484963,HS-grad,59,<=50K
46,Male,Private,1015346,10th,6,<=50K
74,Male,Gov,488128,Doctorate,49,>50K
57,Male,Private,1045668,Some-college,27,<=50K
33,Female,Self-emp,1454181,9th,13,>50K
65,Female,Gov,865823,Bachelors,62,<=50K
52,Male,Self-emp,1380722,Preschool,76,>50K
33,Male,Private,275625,12th,20,<=50K
48,Male,Self-emp,946339,Doctorate,44,>50K
40,Male,Private,627937,9th,22,<=50K
68,Male,Self-emp,229400,HS-grad,72,>50K
24,Male,Gov,1036374,HS-grad,67,>50K
67,Female,Gov,1347055,Assoc-voc,51,>50K
35,Female,Gov,835759,10th,72,<=50K
50,Male,Self-emp,143184,10th,12,>50K
70,Male,Self-emp,596010,12th,5,<=50K
44,Male,Private,159595,11th,17,>50K
23,Male,Self-emp,293696,Some-college,5,<=50K
74,Female,Self-emp,247419,Preschool,78,>50K
22,Male,Private,275031,Bachelors,59,>50K
50,Female,Private,500765,9th,50,>50K
65,Female,Gov,1278389,Bachelors,69,>50K
19,Female,Private,1400509,Masters,47,>50K
56,Female,Self-emp,495779,Doctorate,33,>50K
30,Male,Private,844595,10th,54,>50K
24,Male,Private,1135853,11th,19,>50K
71,Female,Private,134332,11th,20,<=50K
46,Female,Self-emp,263671,HS-grad,63,>50K
27,Female,Private,786504,11th,57,<=50K
25,Male,Self-emp,526265,12th,62,<=50K
46,Male,Private,241577,Some-college,17,>50K
19,Female,Private,107556,Doctorate,28,<=50K
58,Male,Self-emp,407204,9th,41,>50K
66,Female,Self-emp,1441210,10th,49,<=50K
29,Male,Gov,1350950,Masters,3,<=50K
27,Male,Gov,821057,Preschool,35,<=50K
33,Male,Self-emp,1426657,12th,24,<=50K
27,Female,Self-emp,1410949,12th,22,<=50K
43,Female,Gov,534154,12th,55,<=50K
56,Female,Private,1023930,12th,29,<=50K
64,Female,Self-emp,1091525,11th,20,<=50K
44,Male,Gov,866568,Some-college,54,<=50K
37,Male,Private,73842,Bachelors,66,>50K
47,Male,Gov,142356,Masters,34,<=50K
39,Female,Self-emp,749090,Bachelors,6,>50K
32,Male,Private,799738,Preschool,10,>50K
26,Female,Self-emp,385216,HS-grad,48,>50K
23,Female,Private,442179,HS-grad,59,<=50K
19,Female,Self-emp,1100963,12th,65,<=50K
36,Male,Private,198633,Masters,53,>50K
32,Female,Gov,846874,9th,22,<=50K
68,Male,Gov,790799,11th,21,<=50K
73,Female,Gov,800245,Assoc-voc,30,<=50K
42,Female,Gov,853708,Bachelors,28,<=50K
18,Female,Gov,1120848,Preschool,45,>50K
21,Male,Private,1008358,12th,49,<=50K
26,Female,Private,265091,11th,1,>50K
27,Male,Self-emp,482435,Doctorate,73,>50K
62,Male,Gov,276237,12th,32,<=50K
49,Male,Self-emp,1353701,Assoc-voc,48,<=50K
55,Female,Self-emp,1431920,HS-grad,74,>50K
67,Male,Self-emp,652794,9th,54,<=50K
67,Female,Private,1473666,10th,25,<=50K
45,Male,Self-emp,1391932,Bachelors,73,>50K
44,Male,Self-emp,1150585,10th,19,>50K
73,Female,Gov,733755,11th,17,>50K
60,Female,Gov,1151752,10th,42,>50K
67,Female,Private,808883,HS-grad,40,<=50K
56,Male,Private,233552,Bachelors,23,>50K
64,Male,Private,328462,Some-college,63,<=50K
50,Male,Self-emp,231128,9th,69,<=50K
60,Male,Gov,17039,Preschool,34,<=50K
57,Male,Gov,1350306,Some-college,62,<=50K
50,Male,Self-emp,98346,Masters,16,>50K
35,Female,Gov,570685,Assoc-voc,48,<=50K
72,Male,Self-emp,497001,11th,38,>50K
36,Male,Private,1459075,12th,59,>50K
30,Male,Private,649431,10th,46,>50K
20,Female,Self-emp,374441,11th,65,<=50K
72,Female,Gov,546391,Masters,8,>50K
68,Female,Gov,1020109,Assoc-voc,73,<=50K
23,Male,Private,1068600,Bachelors,39,>50K
66,Male,Private,1235451,Doctorate,54,>50K
54,Female,Self-emp,1472049,11th,56,<=50K
38,Female,Gov,899553,Assoc-voc,61,>50K
60,Male,Gov,1124186,Preschool,60,<=50K
55,Male,Self-emp,710787,12th,37,>50K
32,Female,Private,190267,9th,18,>50K
51,Female,Self-emp,356126,Masters,22,<=50K
28,Male,Gov,925081,Some-college,57,<=50K
30,Female,Private,1149411,Preschool,7,>50K
60,Female,Self-emp,305851,9th,79,>50K
18,Female,Private,1217046,Assoc-voc,3,<=50K
31,Male,Self-emp,1137285,Assoc-voc,1,<=50K
55,Male,Gov,1354501,HS-grad,29,<=50K
22,Male,Self-emp,440745,10th,21,<=50K
67,Female,Gov,1484966,9th,67,<=50K
62,Female,Private,1370126,12th,35,>50K
21,Male,Self-emp,548644,Doctorate,1,>50K
21,Male,Gov,1062763,12th,60,<=50K
44,Female,Gov,688585,Assoc-voc,23,<=50K
42,Male,Private,1486620,Preschool,63,<=50K
69,Female,Private,343607,12th,25,<=50K
62,Female,Gov,779286,HS-grad,46,<=50K
49,Male,Self-emp,1052950,Doctorate,5,>50K
53,Male,Gov,1141833,12th,58,<=50K
56,Female,Self-emp,1464879,9th,61,<=50K
26,Male,Private,29413,Masters,35,<=50K
56,Male,Private,78197,Preschool,41,>50K
71,Female,Self-emp,235492,12th,42,<=50K
40,Male,Private,88240,Preschool,76,<=50K
40,Female,Gov,1339042,Preschool,30,>50K
74,Female,Gov,301662,Assoc-voc,73,<=50K
46,Male,Gov,891854,10th,37,<=50K
40,Male,Self-emp,244076,Bachelors,32,>50K
63,Male,Private,175187,10th,23,<=50K
62,Female,Private,1066096,Some-college,66,<=50K
54,Male,Self-emp,1235697,12th,22,>50K
71,Female,Gov,262144,Doctorate,30,>50K
34,Female,Gov,606557,Masters,32,>50K
59,Female,Private,1364178,Masters,78,>50K
27,Female,Self-emp,495442,11th,36,<=50K
51,Male,Private,791976,Bachelors,28,>50K
28,Male,Private,1021869,9th,39,<=50K
72,Male,Private,343310,11th,19,<=50K
71,Female,Self-emp,1367662,12th,28,<=50K
41,Male,Self-emp,396583,10th,9,<=50K
64,Female,Self-emp,1014429,Assoc-voc,19,<=50K
20,Female,Gov,616489,Bachelors,40,>50K
64,Male,Gov,770761,10th,65,>50K
46,Female,Private,496273,Bachelors,13,>50K
71,Female,Private,931424,12th,34,<=50K
46,Male,Private,1203855,10th,77,<=50K
65,Female,Self-emp,738448,10th,64,>50K
46,Male,Private,573446,9th,26,<=50K
34,Male,Gov,859942,Preschool,13,<=50K
22,Female,Gov,667129,Bachelors,49,<=50K
20,Male,Self-emp,934630,9th,58,<=50K
66,Female,Gov,1172294,Assoc-voc,53,<=50K
18,Female,Self-emp,259536,11th,62,>50K
34,Female,Gov,863480,12th,3,>50K
32,Female,Gov,48468,11th,32,<=50K
43,Female,Gov,1483867,12th,16,>50K
42,Female,Private,1296763,11th,73,>50K
73,Female,Self-emp,857623,11th,65,<=50K
46,Female,Self-emp,438488,Bachelors,41,>50K
68,Male,Gov,580242,11th,71,<=50K
31,Female,Private,1334396,Some-college,19,<=50K
19,Male,Self-emp,1179272,11th,45,<=50K
32,Male,Self-emp,16994,HS-grad,11,<=50K
70,Male,Self-emp,318093,Doctorate,30,<=50K
74,Male,Gov,1364935,9th,18,<=50K
68,Male,Private,528479,12th,48,<=50K
19,Female,Private,351679,Preschool,8,>50K
39,Male,Private,1112293,11th,76,>50K
64,Female,Self-emp,1116056,9th,36,<=50K
32,Male,Self-emp,692667,Preschool,57,<=50K
66,Female,Self-emp,1228593,11th,66,<=50K
30,Female,Private,456972,Some-college,79,<=50K
37,Female,Self-emp,493215,Preschool,67,>50K
36,Male,Private,782050,10th,54,>50K
31,Female,Gov,57095,Preschool,59,<=50K
72,Female,Self-emp,1477915,Some-college,75,<=50K
48,Female,Gov,1169738,12th,30,>50K
60,Male,Gov,1356385,Preschool,62,<=50K
66,Male,Gov,846440,Assoc-voc,31,<=50K
51,Male,Self-emp,711895,10th,79,>50K
65,Male,Private,257144,Bachelors,36,>50K
25,Male,Gov,1256360,9th,58,<=50K
54,Female,Self-emp,343119,Masters,45,>50K
56,Male,Private,988351,12th,58,<=50K
69,Male,Gov,818608,Preschool,64,>50K
61,Male,Private,294140,12th,59,>50K
24,Male,Private,660456,11th,6,>50K
46,Female,Gov,120944,HS-grad,16,<=50K
40,Female,Self-emp,259572,Preschool,64,<=50K
43,Female,Self-emp,209097,11th,62,<=50K
59,Female,Private,1145387,Doctorate,42,>50K
30,Male,Self-emp,466151,Some-college,59,>50K
74,Male,Self-emp,1256199,Masters,59,>50K
19,Male,Gov,210237,9th,76,>50K
27,Female,Private,972811,12th,11,<=50K
32,Female,Gov,1344559,Some-college,2,>50K
67,Male,Private,61522,12th,23,<=50K
35,Female,Private,19485,9th,62,>50K
55,Male,Private,219352,Preschool,67,>50K
55,Male,Gov,810658,Assoc-voc,61,<=50K
18,Male,Gov,1017535,9th,28,<=50K
38,Female,Gov,1322073,HS-grad,13,<=50K
44,Male,Self-emp,391747,9th,7,>50K
39,Female,Self-emp,664873,Preschool,53,>50K
32,Male,Gov,841827,Preschool,23,>50K
72,Female,Private,967205,9th,76,<=50K
50,Female,Gov,945403,Masters,8,>50K
18,Male,Self-emp,540036,Preschool,63,>50K
39,Female,Private,879196,Preschool,21,<=50K
49,Female,Private,1011074,Preschool,79,>50K
22,Male,Private,686619,Bachelors,46,>50K
67,Male,Self-emp,359823,Doctorate,6,>50K
42,Female,Self-emp,187607,10th,29,<=50K
24,Female,Private,286535,Bachelors,77,>50K
55,Female,Gov,394865,Bachelors,2,>50K
25,Male,Gov,929472,Preschool,54,<=50K
55,Male,Gov,833935,12th,27,>50K
37,Male,Private,1135979,11th,43,>50K
48,Male,Self-emp,348986,12th,61,>50K
27,Male,Private,311372,11th,35,<=50K
48,Female,Private,1351022,9th,16,<=50K
30,Male,Private,861776,HS-grad,35,>50K
69,Male,Private,481450,Masters,59,>50K
38,Female,Self-emp,213202,HS-grad,54,<=50K
28,Male,Self-emp,126589,Masters,48,<=50K
70,Male,Self-emp,375298,HS-grad,38,>50K
48,Male,Self-emp,841901,11th,24,<=50K
67,Male,Self-emp,457872,Masters,32,<=50K
72,Male,Private,894894,HS-grad,58,<=50K
52,Female,Private,451503,Bachelors,69,>50K
38,Male,Private,108393,Bachelors,25,>50K
21,Male,Gov,607484,Preschool,19,<=50K
60,Female,Self-emp,1490081,9th,74,<=50K
60,Male,Private,986488,Preschool,20,>50K
65,Female,Self-emp,751538,Masters,24,<=50K
28,Male,Gov,477590,11th,28,<=50K
22,Male,Gov,1129374,Some-college,59,>50K
22,Male,Gov,122130,Masters,21,>50K
29,Male,Gov,42257,Assoc-voc,4,<=50K
71,Male,Self-emp,934736,Preschool,42,<=50K
37,Female,Private,430829,Masters,75,>50K
49,Male,Gov,761450,9th,61,>50K
35,Male,Gov,555898,Bachelors,55,>50K
71,Female,Self-emp,337329,Masters,75,>50K
38,Female,Gov,1282699,9th,5,>50K
40,Male,Gov,930074,11th,54,>50K
27,Male,Self-emp,12917,10th,65,>50K
24,Male,Gov,789475,9th,65,<=50K
32,Female,Self-emp,291143,Masters,76,>50K
39,Female,Private,415157,HS-grad,47,>50K
34,Male,Private,71821,Doctorate,14,<=50K
67,Female,Private,449651,HS-grad,50,<=50K
65,Female,Private,286336,Doctorate,59,>50K
60,Female,Private,1147371,Doctorate,40,>50K
71,Female,Gov,671987,Masters,38,<=50K
20,Female,Private,932759,Assoc-voc,13,>50K
30,Male,Self-emp,128545,11th,37,>50K
66,Female,Self-emp,686533,Doctorate,66,>50K
53,Female,Private,797945,Some-college,75,>50K
25,Male,Gov,793163,10th,40,<=50K
60,Male,Self-emp,1006453,10th,20,<=50K
25,Male,Gov,533244,9th,40,<=50K
43,Female,Private,410237,Doctorate,55,>50K
33,Male,Private,1086093,Assoc-voc,62,>50K
60,Male,Gov,1276134,11th,45,<=50K
64,Male,Self-emp,533396,Bachelors,73,>50K
52,Female,Gov,1046451,10th,37,>50K
59,Female,Self-emp,1274032,HS-grad,57,<=50K
25,Male,Private,1487790,10th,20,<=50K
56,Female,Private,1451028,11th,12,<=50K
66,Male,Gov,47903,HS-grad,42,>50K
47,Female,Private,624242,9th,11,<=50K
51,Male,Self-emp,1017489,9th,71,<=50K
61,Female,Private,653593,Assoc-voc,34,<=50K
37,Male,Gov,212753,HS-grad,10,>50K
49,Female,Gov,57619,Bachelors,15,>50K
54,Female,Gov,424755,12th,3,<=50K
54,Male,Gov,77149,HS-grad,40,<=50K
25,Female,Gov,1246215,Bachelors,56,>50K
40,Female,Private,1050218,HS-grad,64,>50K
25,Female,Gov,373309,Bachelors,56,>50K
27,Male,Gov,507654,10th,28,<=50K
66,Male,Private,789635,Assoc-voc,13,>50K
49,Male,Gov,1195779,9th,26,<=50K
39,Male,Gov,1252579,Masters,64,>50K
55,Female,Gov,613982,Preschool,22,<=50K
19,Male,Private,925438,Assoc-voc,11,<=50K
45,Female,Gov,146445,10th,62,<=50K
22,Female,Gov,581829,10th,10,<=50K
57,Female,Self-emp,165837,12th,24,<=50K
52,Male,Private,919179,9th,60,>50K
40,Female,Private,1047408,Some-college,65,<=50K
72,Male,Private,1348286,11th,57,>50K
72,Male,Self-emp,1464137,11th,53,<=50K
73,Male,Self-emp,184257,Doctorate,9,<=50K
39,Male,Self-emp,307599,Assoc-voc,18,<=50K
68,Male,Self-emp,328363,Masters,40,>50K
34,Male,Gov,128841,Preschool,15,>50K
32,Female,Gov,1147270,Preschool,13,<=50K
34,Female,Gov,113407,Preschool,9,<=50K
57,Female,Self-emp,863161,Some-college,77,<=50K
33,Female,Private,1271720,Some-college,63,>50K
29,Female,Self-emp,1174667,Bachelors,38,>50K
36,Female,Self-emp,336934,11th,48,<=50K
35,Male,Gov,809583,10th,55,>50K
56,Male,Gov,569242,Preschool,62,<=50K
57,Male,Private,570988,HS-grad,6,>50K
36,Female,Gov,926424,11th,60,>50K
43,Female,Private,931134,Masters,54,>50K
21,Male,Gov,100059,Assoc-voc,39,<=50K
25,Male,Self-emp,454136,9th,77,<=50K
49,Male,Gov,523162,Some-college,63,>50K
55,Male,Self-emp,919383,9th,53,<=50K
47,Female,Self-emp,1115298,11th,28,>50K
20,Female,Gov,959436,Some-college,22,<=50K
49,Female,Gov,870823,Preschool,72,>50K
74,Female,Self-emp,168877,HS-grad,32,<=50K
52,Male,Private,884834,Preschool,59,>50K
29,Female,Private,631696,Doctorate,59,>50K
48,Male,Self-emp,132062,Assoc-voc,69,>50K
69,Male,Gov,1450846,Preschool,41,>50K
48,Male,Self-emp,246196,Masters,22,>50K
21,Female,Gov,721132,Preschool,45,<=50K
59,Female,Private,503121,9th,49,>50K
37,Male,Gov,293075,Assoc-voc,77,>50K
34,Female,Self-emp,841365,Doctorate,36,>50K
50,Female,Self-emp,605792,Assoc-voc,15,>50K
30,Female,Gov,125936,HS-grad,24,>50K
25,Female,Gov,1427153,Doctorate,23,<=50K
63,Female,Private,348199,Doctorate,8,<=50K
43,Female,Private,734030,12th,59,>50K
30,Male,Private,1281670,Some-college,28,>50K
42,Female,Private,1471900,12th,16,<=50K
72,Male,Private,743893,Doctorate,17,<=50K
47,Female,Self-emp,209478,11th,13,<=50K
49,Male,Private,1372369,11th,13,<=50K
60,Female,Gov,829108,9th,21,>50K
65,Female,Gov,353558,Some-college,40,<=50K
36,Female,Private,487278,Bachelors,73,>50K
69,Male,Self-emp,391593,Some-college,53,<=50K
40,Female,Private,1497183,Preschool,52,<=50K
47,Female,Self-emp,829459,11th,9,<=50K
71,Male,Private,1320014,HS-grad,1,<=50K
61,Female,Private,309698,12th,75,<=50K
51,Female,Gov,736687,Doctorate,9,<=50K
49,Female,Gov,1291758,HS-grad,12,>50K
50,Male,Self-emp,1149613,11th,57,<=50K
25,Male,Self-emp,1249063,9th,27,<=50K
29,Male,Self-emp,768967,11th,42,>50K
68,Female,Self-emp,1220458,Preschool,43,<=50K
48,Female,Private,1345520,Some-college,32,>50K
46,Male,Gov,218548,Masters,40,>50K
40,Male,Private,480535,12th,6,<=50K
39,Female,Self-emp,1073809,Preschool,37,<=50K
62,Female,Gov,864159,Assoc-voc,54,>50K
25,Female,Private,1479624,Bachelors,49,>50K
52,Female,Self-emp,549970,9th,11,<=50K
41,Male,Private,1380880,Masters,21,>50K
68,Male,Private,1381537,10th,63,<=50K
57,Male,Self-emp,439858,9th,28,<=50K
34,Male,Private,283365,Bachelors,19,>50K
73,Female,Gov,728773,Assoc-voc,28,>50K
19,Female,Gov,90116,10th,68,<=50K
39,Female,Private,531385,Some-college,49,>50K
60,Male,Private,238572,11th,52,<=50K
49,Male,Gov,238256,Masters,60,>50K
63,Male,Private,214834,HS-grad,58,>50K
52,Male,Private,722381,Bachelors,56,>50K
45,Female,Private,1327712,Masters,42,>50K
35,Male,Self-emp,437767,HS-grad,63,<=50K
29,Male,Private,811687,Some-college,4,<=50K
55,Male,Private,1236171,12th,27,>50K
26,Male,Private,1056846,Preschool,16,<=50K
73,Male,Private,15358,Some-college,14,<=50K
62,Female,Self-emp,642270,11th,34,<=50K
20,Male,Gov,340953,12th,24,>50K
71,Male,Gov,1268425,Masters,73,<=50K
43,Female,Private,250483,10th,64,>50K
57,Male,Private,1104617,10th,67,<=50K
41,Female,Self-emp,119524,12th,67,>50K
44,Male,Private,125776,Assoc-voc,15,<=50K
52,Female,Private,204971,10th,53,>50K
61,Male,Self-emp,289785,HS-grad,47,<=50K
51,Male,Self-emp,765622,Assoc-voc,50,<=50K
37,Male,Private,614251,Assoc-voc,4,>50K
40,Female,Self-emp,136591,9th,55,<=50K
65,Female,Gov,651104,9th,66,>50K
47,Female,Self-emp,1212002,Doctorate,21,>50K
42,Male,Self-emp,1483315,Preschool,49,>50K
69,Male,Gov,1138101,9th,62,<=50K
50,Female,Self-emp,975443,10th,38,<=50K
32,Male,Private,839385,11th,52,>50K
32,Male,Gov,1086477,11th,25,>50K
38,Male,Self-emp,479927,Masters,5,>50K
23,Female,Private,309584,Masters,47,<=50K
40,Female,Self-emp,786107,12th,23,<=50K
20,Female,Self-emp,924935,9th,10,<=50K
42,Female,Self-emp,1198995,10th,72,>50K
72,Female,Private,147370,HS-grad,61,>50K
22,Female,Private,460377,Preschool,53,<=50K
72,Male,Private,928004,Bachelors,56,<=50K
62,Female,Gov,516677,Bachelors,69,<=50K
26,Female,Gov,828698,Preschool,2,<=50K
18,Female,Gov,943515,12th,51,>50K
47,Male,Gov,804330,10th,76,<=50K
56,Female,Private,701753,Some-college,77,<=50K
25,Female,Gov,959135,Some-college,61,<=50K
71,Male,Private,905659,Doctorate,73,<=50K
56,Male,Self-emp,1354137,9th,56,>50K
64,Female,Self-emp,1155457,9th,31,>50K
69,Male,Gov,513323,Preschool,1,<=50K
72,Female,Gov,759108,11th,1,<=50K
18,Male,Self-emp,827864,Doctorate,63,>50K
59,Male,Gov,1395093,Preschool,42,<=50K
38,Female,Self-emp,279598,10th,22,<=50K
55,Male,Self-emp,1013452,Some-college,8,<=50K
64,Female,Gov,132592,Preschool,17,<=50K
71,Female,Self-emp,334137,Bachelors,13,>50K
34,Male,Private,520069,Assoc-voc,78,>50K
62,Male,Gov,391653,Assoc-voc,35,<=50K
63,Female,Self-emp,249069,Assoc-voc,72,<=50K
32,Male,Gov,720092,Masters,27,>50K
30,Female,Gov,611792,HS-grad,31,<=50K
70,Male,Self-emp,635607,HS-grad,35,<=50K
23,Male,Gov,680629,Assoc-voc,58,>50K
66,Female,Gov,1395640,10th,34,<=50K
43,Female,Private,429582,9th,5,<=50K
43,Female,Self-emp,154867,12th,6,>50K
23,Male,Self-emp,697503,HS-grad,18,<=50K
21,Male,Self-emp,772592,9th,14,<=50K
31,Female,Private,403180,12th,7,>50K
61,Female,Private,645718,9th,15,<=50K
36,Male,Gov,590110,Masters,35,>50K
34,Male,Self-emp,1243266,12th,19,<=50K
37,Male,Gov,873858,HS-grad,32,<=50K
65,Male,Gov,947783,Assoc-voc,24,<=50K
34,Female,Self-emp,1448998,Masters,50,>50K
18,Male,Gov,1161282,Some-college,32,<=50K
53,Female,Self-emp,383852,Preschool,70,>50K
31,Male,Self-emp,1160836,Doctorate,79,>50K
64,Female,Gov,605731,10th,40,>50K
33,Male,Gov,672187,10th,16,<=50K
21,Female,Private,1032332,Preschool,28,<=50K
49,Female,Self-emp,672673,Preschool,31,<=50K
20,Female,Gov,1351527,Preschool,24,>50K
32,Male,Self-emp,188298,9th,31,>50K
26,Male,Gov,277702,Preschool,45,<=50K
19,Female,Self-emp,965847,Assoc-voc,57,<=50K
33,Male,Gov,293373,Masters,74,>50K
55,Female,Self-emp,201073,Preschool,69,>50K
70,Male,Self-emp,1022396,Masters,39,>50K
51,Male,Private,1097610,Masters,45,>50K
40,Female,Self-emp,1071165,9th,6,<=50K
73,Female,Self-emp,1421020,Preschool,4,<=50K
46,Male,Private,105078,Some-college,6,>50K
49,Female,Self-emp,771401,Preschool,18,<=50K
32,Male,Gov,586887,9th,73,<=50K
54,Male,Private,938921,Assoc-voc,6,<=50K
65,Male,Self-emp,346199,Assoc-voc,63,<=50K
20,Male,Self-emp,146794,11th,43,>50K
34,Male,Gov,557726,Preschool,68,<=50K
34,Female,Self-emp,1487368,HS-grad,5,>50K
49,Male,Self-emp,848309,Assoc-voc,70,<=50K
52,Female,Gov,357280,Masters,22,<=50K
65,Male,Private,883158,HS-grad,11,>50K
30,Female,Self-emp,432602,Doctorate,3,>50K
26,Male,Self-emp,68635,10th,76,<=50K
40,Male,Self-emp,777197,10th,18,<=50K
66,Male,Self-emp,1271770,11th,73,<=50K
40,Female,Self-emp,1139113,Bachelors,47,>50K
22,Male,Gov,387854,Preschool,30,<=50K
42,Male,Gov,309883,Preschool,25,>50K
27,Female,Self-emp,78253,Preschool,58,<=50K
47,Female,Gov,647254,HS-grad,41,>50K
42,Male,Self-emp,431149,Doctorate,48,>50K
51,Female,Self-emp,644585,Some-college,75,>50K
28,Male,Self-emp,324916,Masters,21,<=50K
39,Male,Self-emp,360844,Preschool,7,>50K
72,Female,Private,140447,Some-college,64,<=50K
19,Female,Self-emp,846379,Doctorate,42,<=50K
35,Female,Gov,1427221,Doctorate,75,<=50K
33,Male,Private,954320,Some-college,18,<=50K
52,Female,Self-emp,1438420,12th,59,<=50K
43,Female,Self-emp,321509,Bachelors,57,>50K
61,Male,Gov,999626,9th,47,<=50K
64,Male,Private,952335,Doctorate,42,>50K
29,Female,Self-emp,1486235,12th,77,>50K
21,Male,Private,731846,10th,2,<=50K
43,Male,Gov,1458714,Preschool,27,<=50K
44,Female,Self-emp,672046,9th,72,<=50K
24,Male,Self-emp,567710,11th,46,<=50K
57,Female,Self-emp,1472235,Masters,13,>50K
60,Female,Private,451358,Doctorate,36,<=50K
38,Male,Private,823527,Bachelors,69,>50K
43,Male,Private,639407,9th,36,>50K
45,Male,Private,1155413,Doctorate,47,>50K
29,Female,Private,945476,HS-grad,30,<=50K
40,Male,Gov,821359,HS-grad,14,>50K
27,Female,Self-emp,865062,Preschool,52,<=50K
54,Male,Gov,81518,Masters,47,>50K
63,Female,Self-emp,132243,9th,19,<=50K
30,Female,Private,950601,12th,21,>50K
54,Female,Gov,691222,Preschool,29,>50K
37,Male,Self-emp,92152,11th,70,>50K
53,Female,Private,15969,12th,22,>50K
49,Male,Self-emp,53743,12th,18,<=50K
22,Female,Private,905877,Bachelors,30,>50K
62,Female,Gov,570866,Doctorate,34,<=50K
30,Female,Gov,280508,Doctorate,22,<=50K
69,Female,Private,794259,HS-grad,36,<=50K
26,Male,Self-emp,69062,Masters,19,>50K
55,Female,Gov,1288485,Preschool,79,<=50K
74,Male,Private,1045224,Some-college,32,<=50K
21,Female,Self-emp,539409,Doctorate,5,<=50K
37,Male,Gov,595510,Bachelors,75,>50K
54,Female,Private,1177123,10th,44,>50K
51,Female,Self-emp,1026348,11th,42,>50K
26,Female,Private,976190,Some-college,7,>50K
21,Male,Private,996210,9th,31,<=50K
52,Female,Gov,743576,Assoc-voc,61,<=50K
48,Female,Self-emp,1348926,12th,53,<=50K
49,Female,Gov,1082913,Assoc-voc,59,>50K
69,Male,Self-emp,668521,9th,2,<=50K
19,Male,Gov,899099,Preschool,17,<=50K
49,Female,Private,1429231,Masters,46,>50K
56,Male,Private,539466,Bachelors,1,>50K
28,Male,Gov,176726,9th,4,<=50K
24,Female,Private,386169,9th,50,>50K
29,Female,Self-emp,440638,9th,75,>50K
45,Male,Private,805567,Assoc-voc,65,>50K
64,Female,Private,689044,11th,71,<=50K
19,Female,Gov,1420791,Preschool,4,<=50K
61,Male,Gov,1015466,12th,40,>50K
67,Male,Private,58250,9th,75,<=50K
62,Female,Private,1362850,Some-college,12,<=50K
20,Male,Self-emp,932041,Assoc-voc,27,<=50K
66,Male,Self-emp,358293,11th,66,>50K
66,Female,Gov,157281,Preschool,60,<=50K
71,Female,Gov,746803,Preschool,38,>50K
45,Male,Gov,126456,12th,10,<=50K
59,Female,Gov,394688,12th,77,>50K
73,Male,Gov,46152,Some-college,42,>50K
64,Male,Gov,160725,HS-grad,22,<=50K
74,Female,Private,1409203,Doctorate,27,>50K
58,Male,Self-emp,1417263,HS-grad,34,>50K
49,Male,Private,66745,Doctorate,66,>50K
29,Female,Gov,33067,Preschool,73,>50K
27,Female,Self-emp,251455,Doctorate,48,<=50K
37,Female,Gov,1264390,12th,60,>50K
19,Male,Self-emp,565280,10th,51,>50K
53,Female,Self-emp,1432695,9th,27,>50K
19,Female,Private,1086846,Doctorate,57,<=50K
31,Male,Self-emp,543740,Preschool,15,<=50K
29,Male,Gov,956740,Assoc-voc,28,<=50K
37,Male,Gov,1172038,Preschool,24,<=50K
38,Female,Gov,261737,Preschool,78,<=50K
54,Male,Self-emp,1412465,9th,14,<=50K
51,Female,Self-emp,1196895,11th,58,<=50K
29,Female,Private,1287029,10th,70,>50K
53,Male,Gov,1054092,HS-grad,36,<=50K
39,Male,Gov,354221,Doctorate,61,>50K
53,Female,Gov,65687,12th,33,<=50K
62,Female,Self-emp,991091,12th,18,>50K
55,Male,Private,946550,Preschool,16,>50K
22,Male,Self-emp,928931,Bachelors,21,>50K
57,Female,Self-emp,1443282,12th,78,<=50K
56,Female,Gov,571070,Some-college,78,>50K
23,Male,Private,252011,11th,16,>50K
34,Female,Gov,84684,HS-grad,14,<=50K
24,Male,Private,1277197,Doctorate,32,>50K
